<step title="BackgroundTrace" date="2025-06-13T20:03:07.184" instance="f8476c" url="/api/zipdeploy" method="POST" >
  <step title="Creating temporary deployment - FetchDeploymentManager" date="2025-06-13T20:03:07.276" /><!-- duration: 2ms -->
  <step title="Creating temporary deployment" date="2025-06-13T20:03:07.287" /><!-- duration: 84ms -->
  <step title="Performing fetch based deployment" date="2025-06-13T20:03:07.428" >
    <step title="Cleaning up temp folders from previous zip deployments and extracting pushed zip file /tmp/zipdeploy/83d04899-8b79-42bb-87a3-800c8a465bd9.zip (0.03 MB) to /tmp/zipdeploy/extracted" date="2025-06-13T20:03:08.579" >
      <step title="ChmodRecursive Process exited with total time taken in ms: 71" date="2025-06-13T20:03:08.727" /><!-- duration: 11ms -->
    </step><!-- duration: 168ms -->
    <step title="Deployment timer started" date="2025-06-13T20:03:10.773" >
      <step title="DeploymentManager.Deploy(id:4f78a747-f19a-405a-9b75-0099268e7d04)" date="2025-06-13T20:03:10.783" >
        <step title="Collecting changeset information" date="2025-06-13T20:03:10.813" /><!-- duration: 101ms -->
        <step title="Updating submodules" date="2025-06-13T20:03:10.923" /><!-- duration: 1091ms -->
        <step title="Determining deployment builder" date="2025-06-13T20:03:12.203" >
          <step title="Builder is BasicBuilder" date="2025-06-13T20:03:12.230" /><!-- duration: 3ms -->
        </step><!-- duration: 36ms -->
        <step title="PreDeployment: context.CleanOutputPath False" date="2025-06-13T20:03:12.277" >
          <step title="PreDeployment: context.OutputPath /home/site/wwwroot" date="2025-06-13T20:03:12.361" >
            <step title="Building" date="2025-06-13T20:03:12.461" >
              <step title="Generating deployment script" date="2025-06-13T20:03:12.536" >
                <step title="Executing external process" date="2025-06-13T20:03:12.582" type="process" path="starter.sh" arguments="&quot;/opt/Kudu/node_modules/.bin/kuduscript&quot; -y --no-dot-deployment -r &quot;/tmp/zipdeploy/extracted&quot; -o &quot;/home/site/deployments/tools&quot; --basic --sitePath &quot;/tmp/zipdeploy/extracted&quot;" /><!-- duration: 663ms -->
                <step title="Saved cached version of the deployment script for command -y --no-dot-deployment -r &quot;/tmp/zipdeploy/extracted&quot; -o &quot;/home/site/deployments/tools&quot; --basic --sitePath &quot;/tmp/zipdeploy/extracted&quot;" date="2025-06-13T20:03:13.371" /><!-- duration: 2ms -->
              </step><!-- duration: 844ms -->
              <step title="Executing external process" date="2025-06-13T20:03:13.473" type="process" path="starter.sh" arguments="&quot;/home/site/deployments/tools/deploy.sh&quot;" /><!-- duration: 1107ms -->
              <step title="Triggering recycle (preview mode disabled)." date="2025-06-13T20:03:14.857" /><!-- duration: 4ms -->
              <step title="Modified file to trigger a restart of the app container." date="2025-06-13T20:03:14.899" /><!-- duration: 2ms -->
              <step title="Skip function trigger and logicapp sync because function is not enabled." date="2025-06-13T20:03:14.904" /><!-- duration: 5ms -->
              <step title="Purge deployment items" date="2025-06-13T20:03:15.454" >
                <step title="Remove 54f0af2c0, Failed, received at 06/13/2025 17:13:47" date="2025-06-13T20:03:15.496" /><!-- duration: 2ms -->
                <step title="Remove temp-0b04, Failed, received at 06/13/2025 17:11:50" date="2025-06-13T20:03:15.537" /><!-- duration: 3ms -->
              </step><!-- duration: 88ms -->
            </step><!-- duration: 3117ms -->
          </step><!-- duration: 3225ms -->
          <step title="Cleaning up temp files" date="2025-06-13T20:03:15.588" /><!-- duration: 4ms -->
          <step title="Cleaning up temp files" date="2025-06-13T20:03:15.600" /><!-- duration: 523ms -->
          <step title="Reloading status file with latest updates" date="2025-06-13T20:03:16.138" >
            <step title="WebHooksManager.PublishEventAsync: PostDeployment" date="2025-06-13T20:03:16.146" /><!-- duration: 95ms -->
          </step><!-- duration: 107ms -->
          <step title="Cleaning up temporary deployment - fetch deployment was successful" date="2025-06-13T20:03:16.249" /><!-- duration: 2ms -->
        </step><!-- duration: 4025ms -->
      </step><!-- duration: 5528ms -->
