<step title="Incoming Request" date="2025-06-13T21:28:35.367" instance="2ddc32" url="/api/deployments/latest?deployer=GITHUB_ZIP_DEPLOY&amp;time=2025-06-13_21-28-29Z" method="GET" type="request" pid="767,1,31" Host="structura.scm.azurewebsites.net" User-Agent="GITHUBACTIONS_DeployWebAppToAzure_30cf177cf4b0c506317075dc52b631e255c5607bf0661f2333e1a6c251ab532e" Authorization="Bas..." Content-Type="application/json; charset=utf-8" Cookie="ARRAffinity=2ddc320b3ce56068eef7d30467cf47281e2049dbabf0cdd575a97ac496677136;Path=/;HttpOnly;Secure;Domain=structura.scm.azurewebsites.net; ARRAffinitySameSite=2ddc320b3ce56068eef7d30467cf47281e2049dbabf0cdd575a97ac496677136;Path=/;HttpOnly;SameSite=None;Secure;Domain=structura.scm.azurewebsites.net" Content-Length="0" X-ARR-LOG-ID="10f75c65-5d46-4d88-b348-40dc8b316d14" CLIENT-IP="172.177.217.221:1025" X-SITE-DEPLOYMENT-ID="structura" WAS-DEFAULT-HOSTNAME="structura.scm.azurewebsites.net" X-Forwarded-Proto="https" X-AppService-Proto="https" X-Forwarded-TlsVersion="1.3" X-WAWS-Unencoded-URL="/api/deployments/latest?deployer=GITHUB_ZIP_DEPLOY&amp;time=2025-06-13_21-28-29Z" X-Client-IP="172.177.217.221" X-Client-Port="1025" >
  <step title="Cleanup Xml Logs" date="2025-06-13T21:28:35.379" /><!-- duration: 34ms -->
  <step title="DeploymentService.GetResult" date="2025-06-13T21:28:35.430" >
    <step title="DeploymentService.GetLatestDeployment" date="2025-06-13T21:28:35.440" >
      <step title="DeploymentManager.GetResults" date="2025-06-13T21:28:35.459" /><!-- duration: 420ms -->
      <step title="Deployment 5abfc910-307a-4458-952e-3e4e3535b58c is Building" date="2025-06-13T21:28:35.881" /><!-- duration: 2ms -->
    </step><!-- duration: 445ms -->
  </step><!-- duration: 456ms -->
  <step title="Outgoing response" date="2025-06-13T21:28:35.896" type="response" statusCode="202" statusText="Accepted" /><!-- duration: 2ms -->
</step><!-- duration: 532ms -->
