<step title="BackgroundTrace" date="2025-06-13T17:11:50.219" instance="f8476c" url="/deploy" method="POST" >
  <step title="Cleanup Xml Logs" date="2025-06-13T17:11:50.227" /><!-- duration: 19ms -->
  <step title="Creating temporary deployment - FetchDeploymentManager" date="2025-06-13T17:11:50.813" /><!-- duration: 32ms -->
  <step title="Creating temporary deployment" date="2025-06-13T17:11:50.854" /><!-- duration: 221ms -->
  <step title="Performing fetch based deployment" date="2025-06-13T17:11:51.879" >
    <step title="Deployment timer started" date="2025-06-13T17:13:47.327" >
      <step title="DeploymentManager.Deploy(id:54f0af2c09bfe71f93da4acfb06422e11f984d71)" date="2025-06-13T17:13:47.347" >
        <step title="Collecting changeset information" date="2025-06-13T17:13:47.388" /><!-- duration: 200ms -->
        <step title="Updating submodules" date="2025-06-13T17:13:47.597" /><!-- duration: 1154ms -->
        <step title="Determining deployment builder" date="2025-06-13T17:13:49.060" >
          <step title="Builder is BasicBuilder" date="2025-06-13T17:13:49.144" /><!-- duration: 9ms -->
        </step><!-- duration: 102ms -->
        <step title="PreDeployment: context.CleanOutputPath False" date="2025-06-13T17:13:50.744" >
          <step title="PreDeployment: context.OutputPath /home/site/wwwroot" date="2025-06-13T17:13:50.966" >
            <step title="Building" date="2025-06-13T17:13:51.529" >
              <step title="Executing external process" date="2025-06-13T17:13:52.067" type="process" path="starter.sh" arguments="/opt/Kudu/Scripts/parallel_rsync.sh /home/site/repository /home/site/wwwroot 8 /tmp/ False True  " 