<step title="Incoming Request" date="2025-06-13T20:03:06.903" instance="f8476c" url="/api/zipdeploy?isAsync=true&amp;deployer=GITHUB_ZIP_DEPLOY&amp;message=%7B%22type%22%3A%22deployment%22%2C%22sha%22%3A%22ad3529ac22adfdf3e50f10376f6bcc6d2b1fcc9e%22%2C%22repoName%22%3A%22carlosUX%2Flightwebapp%22%2C%22actor%22%3A%22carlosUX%22%2C%22slotName%22%3A%22production%22%2C%22commitMessage%22%3A%22Updated%20Python%20version%20to%203.10%22%7D" method="POST" type="request" pid="767,1,19" Host="structura.scm.azurewebsites.net" User-Agent="GITHUBACTIONS_DeployWebAppToAzure_30cf177cf4b0c506317075dc52b631e255c5607bf0661f2333e1a6c251ab532e" Authorization="Bas..." Content-Type="application/octet-stream" Cookie="ARRAffinity=f8476c567f932b0e8a8402e2feffce02162d8570a9104cf6e353d29c6817c566;Path=/;HttpOnly;Secure;Domain=structura.scm.azurewebsites.net; ARRAffinitySameSite=f8476c567f932b0e8a8402e2feffce02162d8570a9104cf6e353d29c6817c566;Path=/;HttpOnly;SameSite=None;Secure;Domain=structura.scm.azurewebsites.net" Transfer-Encoding="chunked" X-ARR-LOG-ID="70bcdd23-3ae1-4b85-81cb-dadba20c26f2" CLIENT-IP="20.7.186.169:1024" X-SITE-DEPLOYMENT-ID="structura" WAS-DEFAULT-HOSTNAME="structura.scm.azurewebsites.net" X-Forwarded-Proto="https" X-AppService-Proto="https" X-Forwarded-TlsVersion="1.3" X-WAWS-Unencoded-URL="/api/zipdeploy?isAsync=true&amp;deployer=GITHUB_ZIP_DEPLOY&amp;message=%7B%22type%22%3A%22deployment%22%2C%22sha%22%3A%22ad3529ac22adfdf3e50f10376f6bcc6d2b1fcc9e%22%2C%22repoName%22%3A%22carlosUX%2Flightwebapp%22%2C%22actor%22%3A%22carlosUX%22%2C%22slotName%22%3A%22production%22%2C%22commitMessage%22%3A%22Updated%20Python%20version%20to%203.10%22%7D" X-Client-IP="20.7.186.169" X-Client-Port="1024" >
  <step title="ZipPushDeploy" date="2025-06-13T20:03:07.015" >
    <step title="ZipDeploy. Extract zip. Remote build." date="2025-06-13T20:03:07.022" /><!-- duration: 7ms -->
    <step title="None repository commit" date="2025-06-13T20:03:07.035" >
      <step title="Commit id: 4f78a747-f19a-405a-9b75-0099268e7d04" date="2025-06-13T20:03:07.038" Message="N/A" AuthorName="N/A" AuthorEmail="N/A" /><!-- duration: 3ms -->
    </step><!-- duration: 10ms -->
    <step title="Starting PushDeployAsync" date="2025-06-13T20:03:07.048" /><!-- duration: 2ms -->
    <step title="Writing artifact to /tmp/zipdeploy/83d04899-8b79-42bb-87a3-800c8a465bd9.zip" date="2025-06-13T20:03:07.062" >
      <step title="Writing multipart request body to /tmp/zipdeploy/83d04899-8b79-42bb-87a3-800c8a465bd9.zip" date="2025-06-13T20:03:07.065" /><!-- duration: 2ms -->
    </step><!-- duration: 72ms -->
    <step title="None repository commit" date="2025-06-13T20:03:07.153" >
      <step title="Commit id: 4f78a747-f19a-405a-9b75-0099268e7d04" date="2025-06-13T20:03:07.155" Message="N/A" AuthorName="N/A" AuthorEmail="N/A" /><!-- duration: 8ms -->
    </step><!-- duration: 12ms -->
    <step title="Start deployment in the background" date="2025-06-13T20:03:07.173" >
      <step title="None repository commit" date="2025-06-13T20:03:07.189" >
        <step title="Commit id: 4f78a747-f19a-405a-9b75-0099268e7d04" date="2025-06-13T20:03:07.194" Message="N/A" AuthorName="N/A" AuthorEmail="N/A" /><!-- duration: 2ms -->
      </step><!-- duration: 25ms -->
      <step title="Acquiring Deployment Lock" date="2025-06-13T20:03:07.234" /><!-- duration: 3ms -->
      <step title="Acquired Deployment Lock" date="2025-06-13T20:03:07.272" /><!-- duration: 2ms -->
    </step><!-- duration: 203ms -->
  </step><!-- duration: 368ms -->
  <step title="Outgoing response" date="2025-06-13T20:03:07.398" type="response" statusCode="202" statusText="Accepted" /><!-- duration: 2ms -->
</step><!-- duration: 500ms -->
