<step title="BackgroundTrace" date="2025-06-13T20:37:24.266" instance="f8476c" url="/api/zipdeploy" method="POST" >
  <step title="Creating temporary deployment - FetchDeploymentManager" date="2025-06-13T20:37:24.538" /><!-- duration: 9ms -->
  <step title="Creating temporary deployment" date="2025-06-13T20:37:24.568" /><!-- duration: 103ms -->
  <step title="Performing fetch based deployment" date="2025-06-13T20:37:24.880" >
    <step title="Cleaning up temp folders from previous zip deployments and extracting pushed zip file /tmp/zipdeploy/faa0331e-bd57-42eb-baf1-1e383654e9d0.zip (0.03 MB) to /tmp/zipdeploy/extracted" date="2025-06-13T20:37:26.307" >
      <step title="ChmodRecursive Process exited with total time taken in ms: 190" date="2025-06-13T20:37:26.640" /><!-- duration: 10ms -->
    </step><!-- duration: 352ms -->
    <step title="Deployment timer started" date="2025-06-13T20:37:28.718" >
      <step title="DeploymentManager.Deploy(id:52a7dbf5-d4eb-43bd-8852-31e883c6dcbd)" date="2025-06-13T20:37:28.727" >
        <step title="Collecting changeset information" date="2025-06-13T20:37:28.739" /><!-- duration: 89ms -->
        <step title="Updating submodules" date="2025-06-13T20:37:28.838" /><!-- duration: 1168ms -->
        <step title="Determining deployment builder" date="2025-06-13T20:37:30.163" >
          <step title="Builder is BasicBuilder" date="2025-06-13T20:37:30.177" /><!-- duration: 2ms -->
        </step><!-- duration: 44ms -->
        <step title="PreDeployment: context.CleanOutputPath False" date="2025-06-13T20:37:30.231" >
          <step title="PreDeployment: context.OutputPath /home/site/wwwroot" date="2025-06-13T20:37:30.294" >
            <step title="Building" date="2025-06-13T20:37:30.406" >
              <step title="Executing external process" date="2025-06-13T20:37:30.573" type="process" path="starter.sh" arguments="/opt/Kudu/Scripts/parallel_rsync.sh /tmp/zipdeploy/extracted /home/site/wwwroot 8 /tmp/ False True  " /><!-- duration: 4506ms -->
              <step title="Triggering recycle (preview mode disabled)." date="2025-06-13T20:37:35.267" /><!-- duration: 5ms -->
              <step title="Modified file to trigger a restart of the app container." date="2025-06-13T20:37:35.290" /><!-- duration: 2ms -->
              <step title="Skip function trigger and logicapp sync because function is not enabled." date="2025-06-13T20:37:35.307" /><!-- duration: 8ms -->
            </step><!-- duration: 5504ms -->
          </step><!-- duration: 5618ms -->
          <step title="Cleaning up temp files" date="2025-06-13T20:37:35.914" /><!-- duration: 13ms -->
          <step title="Cleaning up temp files" date="2025-06-13T20:37:35.936" /><!-- duration: 512ms -->
          <step title="Reloading status file with latest updates" date="2025-06-13T20:37:36.488" >
            <step title="WebHooksManager.PublishEventAsync: PostDeployment" date="2025-06-13T20:37:36.497" /><!-- duration: 80ms -->
          </step><!-- duration: 92ms -->
          <step title="Cleaning up temporary deployment - fetch deployment was successful" date="2025-06-13T20:37:36.585" /><!-- duration: 2ms -->
        </step><!-- duration: 6424ms -->
      </step><!-- duration: 7937ms -->
