<step title="Incoming Request" date="2025-06-13T21:28:44.581" instance="2ddc32" url="/api/deployments/latest?deployer=GITHUB_ZIP_DEPLOY&amp;time=2025-06-13_21-28-39Z" method="GET" type="request" pid="767,1,27" Host="structura.scm.azurewebsites.net" User-Agent="GITHUBACTIONS_DeployWebAppToAzure_30cf177cf4b0c506317075dc52b631e255c5607bf0661f2333e1a6c251ab532e" Authorization="Bas..." Content-Type="application/json; charset=utf-8" Cookie="ARRAffinity=2ddc320b3ce56068eef7d30467cf47281e2049dbabf0cdd575a97ac496677136;Path=/;HttpOnly;Secure;Domain=structura.scm.azurewebsites.net; ARRAffinitySameSite=2ddc320b3ce56068eef7d30467cf47281e2049dbabf0cdd575a97ac496677136;Path=/;HttpOnly;SameSite=None;Secure;Domain=structura.scm.azurewebsites.net" Content-Length="0" X-ARR-LOG-ID="1591b45f-ea6d-47b3-aaa2-a212a2461e1b" CLIENT-IP="52.191.211.204:1025" X-SITE-DEPLOYMENT-ID="structura" WAS-DEFAULT-HOSTNAME="structura.scm.azurewebsites.net" X-Forwarded-Proto="https" X-AppService-Proto="https" X-Forwarded-TlsVersion="1.3" X-WAWS-Unencoded-URL="/api/deployments/latest?deployer=GITHUB_ZIP_DEPLOY&amp;time=2025-06-13_21-28-39Z" X-Client-IP="52.191.211.204" X-Client-Port="1025" >
  <step title="Cleanup Xml Logs" date="2025-06-13T21:28:44.601" /><!-- duration: 40ms -->
  <step title="DeploymentService.GetResult" date="2025-06-13T21:28:44.651" >
    <step title="DeploymentService.GetLatestDeployment" date="2025-06-13T21:28:44.653" >
      <step title="DeploymentManager.GetResults" date="2025-06-13T21:28:44.681" /><!-- duration: 663ms -->
      <step title="Deployment 07ab7b97-6353-45f5-9611-cc1ccbf9db1a is Building" date="2025-06-13T21:28:45.355" /><!-- duration: 9ms -->
    </step><!-- duration: 712ms -->
  </step><!-- duration: 746ms -->
  <step title="Outgoing response" date="2025-06-13T21:28:45.414" type="response" statusCode="202" statusText="Accepted" /><!-- duration: 3ms -->
</step><!-- duration: 845ms -->
