<step title="BackgroundTrace" date="2025-06-13T20:43:08.213" instance="f8476c" url="/api/zipdeploy" method="POST" >
  <step title="Creating temporary deployment - FetchDeploymentManager" date="2025-06-13T20:43:08.336" /><!-- duration: 20ms -->
  <step title="Creating temporary deployment" date="2025-06-13T20:43:08.366" /><!-- duration: 63ms -->
  <step title="Performing fetch based deployment" date="2025-06-13T20:43:08.483" >
    <step title="Cleaning up temp folders from previous zip deployments and extracting pushed zip file /tmp/zipdeploy/79133bcd-7073-4870-b18b-ad6b721f0651.zip (0.03 MB) to /tmp/zipdeploy/extracted" date="2025-06-13T20:43:09.585" >
      <step title="ChmodRecursive Process exited with total time taken in ms: 100" date="2025-06-13T20:43:09.765" /><!-- duration: 10ms -->
    </step><!-- duration: 228ms -->
    <step title="Deployment timer started" date="2025-06-13T20:43:11.850" >
      <step title="DeploymentManager.Deploy(id:f92f22a6-7fd5-417b-bb35-e32f964bee8f)" date="2025-06-13T20:43:11.869" >
        <step title="Collecting changeset information" date="2025-06-13T20:43:11.881" /><!-- duration: 91ms -->
        <step title="Updating submodules" date="2025-06-13T20:43:11.975" /><!-- duration: 1125ms -->
        <step title="Determining deployment builder" date="2025-06-13T20:43:13.281" >
          <step title="Builder is BasicBuilder" date="2025-06-13T20:43:13.285" /><!-- duration: 18ms -->
        </step><!-- duration: 30ms -->
        <step title="PreDeployment: context.CleanOutputPath False" date="2025-06-13T20:43:13.348" >
          <step title="PreDeployment: context.OutputPath /home/site/wwwroot" date="2025-06-13T20:43:13.419" >
            <step title="Building" date="2025-06-13T20:43:13.497" >
              <step title="Executing external process" date="2025-06-13T20:43:13.715" type="process" path="starter.sh" arguments="/opt/Kudu/Scripts/parallel_rsync.sh /tmp/zipdeploy/extracted /home/site/wwwroot 8 /tmp/ False True  " /><!-- duration: 4738ms -->
              <step title="Triggering recycle (preview mode disabled)." date="2025-06-13T20:43:18.634" /><!-- duration: 3ms -->
              <step title="Modified file to trigger a restart of the app container." date="2025-06-13T20:43:18.661" /><!-- duration: 8ms -->
              <step title="Skip function trigger and logicapp sync because function is not enabled." date="2025-06-13T20:43:18.677" /><!-- duration: 2ms -->
            </step><!-- duration: 5847ms -->
          </step><!-- duration: 5929ms -->
          <step title="Cleaning up temp files" date="2025-06-13T20:43:19.351" /><!-- duration: 3ms -->
          <step title="Cleaning up temp files" date="2025-06-13T20:43:19.355" /><!-- duration: 509ms -->
          <step title="Reloading status file with latest updates" date="2025-06-13T20:43:19.893" >
            <step title="WebHooksManager.PublishEventAsync: PostDeployment" date="2025-06-13T20:43:19.908" /><!-- duration: 29ms -->
          </step><!-- duration: 46ms -->
          <step title="Cleaning up temporary deployment - fetch deployment was successful" date="2025-06-13T20:43:19.943" /><!-- duration: 2ms -->
        </step><!-- duration: 6652ms -->
      </step><!-- duration: 8156ms -->
