<step title="Incoming Request" date="2025-06-13T21:28:36.382" instance="2ddc32" url="/api/zipdeploy?isAsync=true&amp;deployer=GITHUB_ZIP_DEPLOY&amp;message=%7B%22type%22%3A%22deployment%22%2C%22sha%22%3A%228cc8e70bd63eda591a6cb69f98eb092828cbbbe8%22%2C%22repoName%22%3A%22carlosUX%2Flightwebapp%22%2C%22actor%22%3A%22carlosUX%22%2C%22slotName%22%3A%22production%22%2C%22commitMessage%22%3A%22%22%7D" method="POST" type="request" pid="767,1,33" Host="structura.scm.azurewebsites.net" User-Agent="GITHUBACTIONS_DeployWebAppToAzure_30cf177cf4b0c506317075dc52b631e255c5607bf0661f2333e1a6c251ab532e" Authorization="Bas..." Content-Type="application/octet-stream" Cookie="ARRAffinity=2ddc320b3ce56068eef7d30467cf47281e2049dbabf0cdd575a97ac496677136;Path=/;HttpOnly;Secure;Domain=structura.scm.azurewebsites.net; ARRAffinitySameSite=2ddc320b3ce56068eef7d30467cf47281e2049dbabf0cdd575a97ac496677136;Path=/;HttpOnly;SameSite=None;Secure;Domain=structura.scm.azurewebsites.net" Transfer-Encoding="chunked" X-ARR-LOG-ID="36ded518-a2e0-4a81-b02d-c49b05c4ad00" CLIENT-IP="52.191.211.204:1024" X-SITE-DEPLOYMENT-ID="structura" WAS-DEFAULT-HOSTNAME="structura.scm.azurewebsites.net" X-Forwarded-Proto="https" X-AppService-Proto="https" X-Forwarded-TlsVersion="1.3" X-WAWS-Unencoded-URL="/api/zipdeploy?isAsync=true&amp;deployer=GITHUB_ZIP_DEPLOY&amp;message=%7B%22type%22%3A%22deployment%22%2C%22sha%22%3A%228cc8e70bd63eda591a6cb69f98eb092828cbbbe8%22%2C%22repoName%22%3A%22carlosUX%2Flightwebapp%22%2C%22actor%22%3A%22carlosUX%22%2C%22slotName%22%3A%22production%22%2C%22commitMessage%22%3A%22%22%7D" X-Client-IP="52.191.211.204" X-Client-Port="1024" >
  <step title="ZipPushDeploy" date="2025-06-13T21:28:36.412" >
    <step title="ZipDeploy. Extract zip. Remote build." date="2025-06-13T21:28:36.441" /><!-- duration: 19ms -->
    <step title="None repository commit" date="2025-06-13T21:28:36.472" >
      <step title="Commit id: 5dfc57d6-0e95-4ecf-ab0a-bdabfd6c9695" date="2025-06-13T21:28:36.481" Message="N/A" AuthorName="N/A" AuthorEmail="N/A" /><!-- duration: 9ms -->
    </step><!-- duration: 20ms -->
    <step title="Starting PushDeployAsync" date="2025-06-13T21:28:36.493" /><!-- duration: 3ms -->
    <step title="Writing artifact to /tmp/zipdeploy/a9d48310-dfcc-41d9-a125-459cabdb92bc.zip" date="2025-06-13T21:28:36.503" >
      <step title="Writing multipart request body to /tmp/zipdeploy/a9d48310-dfcc-41d9-a125-459cabdb92bc.zip" date="2025-06-13T21:28:36.504" /><!-- duration: 7ms -->
    </step><!-- duration: 30ms -->
    <step title="None repository commit" date="2025-06-13T21:28:36.551" >
      <step title="Commit id: 5dfc57d6-0e95-4ecf-ab0a-bdabfd6c9695" date="2025-06-13T21:28:36.553" Message="N/A" AuthorName="N/A" AuthorEmail="N/A" /><!-- duration: 1ms -->
    </step><!-- duration: 4ms -->
    <step title="Start deployment in the background" date="2025-06-13T21:28:36.557" >
      <step title="None repository commit" date="2025-06-13T21:28:36.573" >
        <step title="Commit id: 5dfc57d6-0e95-4ecf-ab0a-bdabfd6c9695" date="2025-06-13T21:28:36.575" Message="N/A" AuthorName="N/A" AuthorEmail="N/A" /><!-- duration: 1ms -->
      </step><!-- duration: 7ms -->
      <step title="Acquiring Deployment Lock" date="2025-06-13T21:28:36.582" /><!-- duration: 2ms -->
      <step title="Cannot Acquire Deployment Lock already held" date="2025-06-13T21:28:36.587" /><!-- duration: 1ms -->
    </step><!-- duration: 75ms -->
    <step title="There is a deployment currently in progress. Please try again when it completes." date="2025-06-13T21:28:36.645" /><!-- duration: 9ms -->
  </step><!-- duration: 251ms -->
  <step title="Outgoing response" date="2025-06-13T21:28:36.684" type="response" statusCode="409" statusText="Conflict" /><!-- duration: 2ms -->
</step><!-- duration: 332ms -->
