<step title="Incoming Request" date="2025-06-13T20:36:59.025" instance="f8476c" url="/api/zipdeploy?isAsync=true&amp;deployer=GITHUB_ZIP_DEPLOY&amp;message=%7B%22type%22%3A%22deployment%22%2C%22sha%22%3A%22ad3529ac22adfdf3e50f10376f6bcc6d2b1fcc9e%22%2C%22repoName%22%3A%22carlosUX%2Flightwebapp%22%2C%22actor%22%3A%22carlosUX%22%2C%22slotName%22%3A%22production%22%2C%22commitMessage%22%3A%22%22%7D" method="POST" type="request" pid="767,1,16" Host="structura.scm.azurewebsites.net" User-Agent="GITHUBACTIONS_DeployWebAppToAzure_30cf177cf4b0c506317075dc52b631e255c5607bf0661f2333e1a6c251ab532e" Authorization="Bas..." Content-Type="application/octet-stream" Cookie="ARRAffinity=f8476c567f932b0e8a8402e2feffce02162d8570a9104cf6e353d29c6817c566;Path=/;HttpOnly;Secure;Domain=structura.scm.azurewebsites.net; ARRAffinitySameSite=f8476c567f932b0e8a8402e2feffce02162d8570a9104cf6e353d29c6817c566;Path=/;HttpOnly;SameSite=None;Secure;Domain=structura.scm.azurewebsites.net" Transfer-Encoding="chunked" X-ARR-LOG-ID="94a6fd3c-300d-4c46-87d2-73107d8a2207" CLIENT-IP="20.186.107.110:1024" X-SITE-DEPLOYMENT-ID="structura" WAS-DEFAULT-HOSTNAME="structura.scm.azurewebsites.net" X-Forwarded-Proto="https" X-AppService-Proto="https" X-Forwarded-TlsVersion="1.3" X-WAWS-Unencoded-URL="/api/zipdeploy?isAsync=true&amp;deployer=GITHUB_ZIP_DEPLOY&amp;message=%7B%22type%22%3A%22deployment%22%2C%22sha%22%3A%22ad3529ac22adfdf3e50f10376f6bcc6d2b1fcc9e%22%2C%22repoName%22%3A%22carlosUX%2Flightwebapp%22%2C%22actor%22%3A%22carlosUX%22%2C%22slotName%22%3A%22production%22%2C%22commitMessage%22%3A%22%22%7D" X-Client-IP="20.186.107.110" X-Client-Port="1024" >
  <step title="ZipPushDeploy" date="2025-06-13T20:36:59.153" >
    <step title="ZipDeploy. Extract zip. Remote build." date="2025-06-13T20:36:59.293" /><!-- duration: 20ms -->
    <step title="None repository commit" date="2025-06-13T20:36:59.352" >
      <step title="Commit id: aa576869-2b63-4760-9a6b-6139062accee" date="2025-06-13T20:36:59.363" Message="N/A" AuthorName="N/A" AuthorEmail="N/A" /><!-- duration: 9ms -->
    </step><!-- duration: 23ms -->
    <step title="Starting PushDeployAsync" date="2025-06-13T20:36:59.394" /><!-- duration: 28ms -->
    <step title="Writing artifact to /tmp/zipdeploy/45977aee-dea1-4b0e-818f-5c1837093169.zip" date="2025-06-13T20:36:59.494" >
      <step title="Writing multipart request body to /tmp/zipdeploy/45977aee-dea1-4b0e-818f-5c1837093169.zip" date="2025-06-13T20:36:59.513" /><!-- duration: 2ms -->
    </step><!-- duration: 191ms -->
    <step title="None repository commit" date="2025-06-13T20:36:59.715" >
      <step title="Commit id: aa576869-2b63-4760-9a6b-6139062accee" date="2025-06-13T20:36:59.727" Message="N/A" AuthorName="N/A" AuthorEmail="N/A" /><!-- duration: 18ms -->
    </step><!-- duration: 32ms -->
    <step title="Start deployment in the background" date="2025-06-13T20:36:59.756" >
      <step title="None repository commit" date="2025-06-13T20:36:59.848" >
        <step title="Commit id: aa576869-2b63-4760-9a6b-6139062accee" date="2025-06-13T20:36:59.866" Message="N/A" AuthorName="N/A" AuthorEmail="N/A" /><!-- duration: 10ms -->
      </step><!-- duration: 37ms -->
      <step title="Acquiring Deployment Lock" date="2025-06-13T20:36:59.888" /><!-- duration: 9ms -->
      <step title="Acquired Deployment Lock" date="2025-06-13T20:36:59.957" /><!-- duration: 9ms -->
    </step><!-- duration: 391ms -->
  </step><!-- duration: 1032ms -->
  <step title="Outgoing response" date="2025-06-13T20:37:00.215" type="response" statusCode="202" statusText="Accepted" /><!-- duration: 10ms -->
</step><!-- duration: 1202ms -->
