<step title="Incoming Request" date="2025-06-13T21:28:38.888" instance="2ddc32" url="/api/zipdeploy?isAsync=true&amp;deployer=GITHUB_ZIP_DEPLOY&amp;message=%7B%22type%22%3A%22deployment%22%2C%22sha%22%3A%228cc8e70bd63eda591a6cb69f98eb092828cbbbe8%22%2C%22repoName%22%3A%22carlosUX%2Flightwebapp%22%2C%22actor%22%3A%22carlosUX%22%2C%22slotName%22%3A%22production%22%2C%22commitMessage%22%3A%22%22%7D" method="POST" type="request" pid="767,1,29" Host="structura.scm.azurewebsites.net" User-Agent="GITHUBACTIONS_DeployWebAppToAzure_30cf177cf4b0c506317075dc52b631e255c5607bf0661f2333e1a6c251ab532e" Authorization="Bas..." Content-Type="application/octet-stream" Cookie="ARRAffinity=2ddc320b3ce56068eef7d30467cf47281e2049dbabf0cdd575a97ac496677136;Path=/;HttpOnly;Secure;Domain=structura.scm.azurewebsites.net; ARRAffinitySameSite=2ddc320b3ce56068eef7d30467cf47281e2049dbabf0cdd575a97ac496677136;Path=/;HttpOnly;SameSite=None;Secure;Domain=structura.scm.azurewebsites.net" Transfer-Encoding="chunked" X-ARR-LOG-ID="00242411-d52e-4d56-9fab-611f6d4b6c34" CLIENT-IP="52.191.211.204:1024" X-SITE-DEPLOYMENT-ID="structura" WAS-DEFAULT-HOSTNAME="structura.scm.azurewebsites.net" X-Forwarded-Proto="https" X-AppService-Proto="https" X-Forwarded-TlsVersion="1.3" X-WAWS-Unencoded-URL="/api/zipdeploy?isAsync=true&amp;deployer=GITHUB_ZIP_DEPLOY&amp;message=%7B%22type%22%3A%22deployment%22%2C%22sha%22%3A%228cc8e70bd63eda591a6cb69f98eb092828cbbbe8%22%2C%22repoName%22%3A%22carlosUX%2Flightwebapp%22%2C%22actor%22%3A%22carlosUX%22%2C%22slotName%22%3A%22production%22%2C%22commitMessage%22%3A%22%22%7D" X-Client-IP="52.191.211.204" X-Client-Port="1024" >
  <step title="Cleanup Xml Logs" date="2025-06-13T21:28:38.890" /><!-- duration: 4ms -->
  <step title="ZipPushDeploy" date="2025-06-13T21:28:38.901" >
    <step title="ZipDeploy. Extract zip. Remote build." date="2025-06-13T21:28:38.909" /><!-- duration: 10ms -->
    <step title="None repository commit" date="2025-06-13T21:28:38.921" >
      <step title="Commit id: 07ab7b97-6353-45f5-9611-cc1ccbf9db1a" date="2025-06-13T21:28:38.922" Message="N/A" AuthorName="N/A" AuthorEmail="N/A" /><!-- duration: 1ms -->
    </step><!-- duration: 4ms -->
    <step title="Starting PushDeployAsync" date="2025-06-13T21:28:38.939" /><!-- duration: 2ms -->
    <step title="Writing artifact to /tmp/zipdeploy/118d58a2-1d9c-49bc-9b26-ca8aaee39018.zip" date="2025-06-13T21:28:38.946" >
      <step title="Writing multipart request body to /tmp/zipdeploy/118d58a2-1d9c-49bc-9b26-ca8aaee39018.zip" date="2025-06-13T21:28:38.952" /><!-- duration: 9ms -->
    </step><!-- duration: 46ms -->
    <step title="None repository commit" date="2025-06-13T21:28:39.001" >
      <step title="Commit id: 07ab7b97-6353-45f5-9611-cc1ccbf9db1a" date="2025-06-13T21:28:39.003" Message="N/A" AuthorName="N/A" AuthorEmail="N/A" /><!-- duration: 1ms -->
    </step><!-- duration: 4ms -->
    <step title="Start deployment in the background" date="2025-06-13T21:28:39.008" >
      <step title="None repository commit" date="2025-06-13T21:28:39.014" >
        <step title="Commit id: 07ab7b97-6353-45f5-9611-cc1ccbf9db1a" date="2025-06-13T21:28:39.031" Message="N/A" AuthorName="N/A" AuthorEmail="N/A" /><!-- duration: 1ms -->
      </step><!-- duration: 19ms -->
      <step title="Acquiring Deployment Lock" date="2025-06-13T21:28:39.035" /><!-- duration: 1ms -->
      <step title="Acquired Deployment Lock" date="2025-06-13T21:28:39.067" /><!-- duration: 1ms -->
    </step><!-- duration: 102ms -->
  </step><!-- duration: 210ms -->
  <step title="Outgoing response" date="2025-06-13T21:28:39.113" type="response" statusCode="202" statusText="Accepted" /><!-- duration: 1ms -->
</step><!-- duration: 228ms -->
