<step title="BackgroundTrace" date="2025-06-13T20:21:58.055" instance="f8476c" url="/api/zipdeploy" method="POST" >
  <step title="Creating temporary deployment - FetchDeploymentManager" date="2025-06-13T20:21:58.232" /><!-- duration: 2ms -->
  <step title="Creating temporary deployment" date="2025-06-13T20:21:58.248" /><!-- duration: 61ms -->
  <step title="Performing fetch based deployment" date="2025-06-13T20:21:58.359" >
    <step title="Cleaning up temp folders from previous zip deployments and extracting pushed zip file /tmp/zipdeploy/b39b4cff-a9ca-4e4b-9a24-7e9d4b691d91.zip (0.03 MB) to /tmp/zipdeploy/extracted" date="2025-06-13T20:21:59.765" >
      <step title="ChmodRecursive Process exited with total time taken in ms: 130" date="2025-06-13T20:21:59.969" /><!-- duration: 9ms -->
    </step><!-- duration: 216ms -->
    <step title="Deployment timer started" date="2025-06-13T20:22:02.031" >
      <step title="DeploymentManager.Deploy(id:ce860e51-8f78-4bf8-8a40-1487fb408027)" date="2025-06-13T20:22:02.050" >
        <step title="Collecting changeset information" date="2025-06-13T20:22:02.100" /><!-- duration: 166ms -->
        <step title="Updating submodules" date="2025-06-13T20:22:02.278" /><!-- duration: 1188ms -->
        <step title="Determining deployment builder" date="2025-06-13T20:22:03.896" >
          <step title="Builder is BasicBuilder" date="2025-06-13T20:22:03.938" /><!-- duration: 38ms -->
        </step><!-- duration: 90ms -->
        <step title="PreDeployment: context.CleanOutputPath False" date="2025-06-13T20:22:04.055" >
          <step title="PreDeployment: context.OutputPath /home/site/wwwroot" date="2025-06-13T20:22:04.217" >
            <step title="Building" date="2025-06-13T20:22:04.379" >
              <step title="Executing external process" date="2025-06-13T20:22:04.592" type="process" path="starter.sh" arguments="/opt/Kudu/Scripts/parallel_rsync.sh /tmp/zipdeploy/extracted /home/site/wwwroot 8 /tmp/ False True  " /><!-- duration: 6065ms -->
              <step title="Triggering recycle (preview mode disabled)." date="2025-06-13T20:22:10.917" /><!-- duration: 6ms -->
              <step title="Modified file to trigger a restart of the app container." date="2025-06-13T20:22:10.941" /><!-- duration: 2ms -->
              <step title="Skip function trigger and logicapp sync because function is not enabled." date="2025-06-13T20:22:10.946" /><!-- duration: 4ms -->
            </step><!-- duration: 7707ms -->
          </step><!-- duration: 7887ms -->
          <step title="Cleaning up temp files" date="2025-06-13T20:22:12.105" /><!-- duration: 28ms -->
          <step title="Cleaning up temp files" date="2025-06-13T20:22:12.149" /><!-- duration: 561ms -->
          <step title="Reloading status file with latest updates" date="2025-06-13T20:22:12.827" >
            <step title="WebHooksManager.PublishEventAsync: PostDeployment" date="2025-06-13T20:22:12.848" /><!-- duration: 200ms -->
          </step><!-- duration: 223ms -->
          <step title="Cleaning up temporary deployment - fetch deployment was successful" date="2025-06-13T20:22:13.087" /><!-- duration: 19ms -->
        </step><!-- duration: 9129ms -->
      </step><!-- duration: 11176ms -->
