<step title="BackgroundTrace" date="2025-06-13T20:43:21.424" instance="f8476c" url="/api/zipdeploy" method="POST" >
  <step title="Creating temporary deployment - FetchDeploymentManager" date="2025-06-13T20:43:21.506" /><!-- duration: 13ms -->
  <step title="Creating temporary deployment" date="2025-06-13T20:43:21.531" /><!-- duration: 345ms -->
  <step title="Performing fetch based deployment" date="2025-06-13T20:43:21.946" >
    <step title="Cleaning up temp folders from previous zip deployments and extracting pushed zip file /tmp/zipdeploy/9574b41c-17db-48e6-b68e-70daecb139ae.zip (0.03 MB) to /tmp/zipdeploy/extracted" date="2025-06-13T20:43:23.085" >
      <step title="ChmodRecursive Process exited with total time taken in ms: 107" date="2025-06-13T20:43:23.293" /><!-- duration: 9ms -->
    </step><!-- duration: 227ms -->
    <step title="Deployment timer started" date="2025-06-13T20:43:25.359" >
      <step title="DeploymentManager.Deploy(id:e8c56da2-cbf5-40c4-8689-0662c78617a0)" date="2025-06-13T20:43:25.420" >
        <step title="Collecting changeset information" date="2025-06-13T20:43:25.461" /><!-- duration: 122ms -->
        <step title="Updating submodules" date="2025-06-13T20:43:25.593" /><!-- duration: 1280ms -->
        <step title="Determining deployment builder" date="2025-06-13T20:43:27.155" >
          <step title="Builder is BasicBuilder" date="2025-06-13T20:43:27.176" /><!-- duration: 2ms -->
        </step><!-- duration: 31ms -->
        <step title="PreDeployment: context.CleanOutputPath False" date="2025-06-13T20:43:27.216" >
          <step title="PreDeployment: context.OutputPath /home/site/wwwroot" date="2025-06-13T20:43:27.295" >
            <step title="Building" date="2025-06-13T20:43:27.372" >
              <step title="Executing external process" date="2025-06-13T20:43:28.209" type="process" path="starter.sh" arguments="/opt/Kudu/Scripts/parallel_rsync.sh /tmp/zipdeploy/extracted /home/site/wwwroot 8 /tmp/ False True  " /><!-- duration: 3924ms -->
              <step title="Triggering recycle (preview mode disabled)." date="2025-06-13T20:43:32.325" /><!-- duration: 6ms -->
              <step title="Modified file to trigger a restart of the app container." date="2025-06-13T20:43:32.380" /><!-- duration: 2ms -->
              <step title="Skip function trigger and logicapp sync because function is not enabled." date="2025-06-13T20:43:32.399" /><!-- duration: 2ms -->
            </step><!-- duration: 5640ms -->
          </step><!-- duration: 5719ms -->
          <step title="Cleaning up temp files" date="2025-06-13T20:43:33.015" /><!-- duration: 2ms -->
          <step title="Cleaning up temp files" date="2025-06-13T20:43:33.027" /><!-- duration: 503ms -->
          <step title="Reloading status file with latest updates" date="2025-06-13T20:43:33.576" >
            <step title="WebHooksManager.PublishEventAsync: PostDeployment" date="2025-06-13T20:43:33.581" /><!-- duration: 36ms -->
          </step><!-- duration: 44ms -->
          <step title="Cleaning up temporary deployment - fetch deployment was successful" date="2025-06-13T20:43:33.628" /><!-- duration: 2ms -->
        </step><!-- duration: 6483ms -->
      </step><!-- duration: 8309ms -->
