<step title="BackgroundTrace" date="2025-06-13T21:20:47.468" instance="2ddc32" url="/api/zipdeploy" method="POST" >
  <step title="Creating temporary deployment - FetchDeploymentManager" date="2025-06-13T21:20:47.531" /><!-- duration: 2ms -->
  <step title="Creating temporary deployment" date="2025-06-13T21:20:47.535" /><!-- duration: 39ms -->
  <step title="Performing fetch based deployment" date="2025-06-13T21:20:47.735" >
    <step title="Cleaning up temp folders from previous zip deployments and extracting pushed zip file /tmp/zipdeploy/c8ee112a-3ae0-4768-ac4b-bd9fd0be0981.zip (0.03 MB) to /tmp/zipdeploy/extracted" date="2025-06-13T21:20:48.906" >
      <step title="ChmodRecursive Process exited with total time taken in ms: 99" date="2025-06-13T21:20:49.081" /><!-- duration: 2ms -->
    </step><!-- duration: 185ms -->
    <step title="Deployment timer started" date="2025-06-13T21:20:51.126" >
      <step title="DeploymentManager.Deploy(id:1786f402-12a1-4402-a8a5-9fd326d80782)" date="2025-06-13T21:20:51.129" >
        <step title="Collecting changeset information" date="2025-06-13T21:20:51.135" /><!-- duration: 63ms -->
        <step title="Updating submodules" date="2025-06-13T21:20:51.201" /><!-- duration: 1107ms -->
        <step title="Determining deployment builder" date="2025-06-13T21:20:52.649" >
          <step title="Builder is BasicBuilder" date="2025-06-13T21:20:52.689" /><!-- duration: 10ms -->
        </step><!-- duration: 70ms -->
        <step title="PreDeployment: context.CleanOutputPath False" date="2025-06-13T21:20:52.751" >
          <step title="PreDeployment: context.OutputPath /home/site/wwwroot" date="2025-06-13T21:20:52.871" >
            <step title="Building" date="2025-06-13T21:20:52.944" >
              <step title="Generating deployment script" date="2025-06-13T21:20:53.017" >
                <step title="Using cached version of the deployment script for command: -y --no-dot-deployment -r &quot;/tmp/zipdeploy/extracted&quot; -o &quot;/home/site/deployments/tools&quot; --basic --sitePath &quot;/tmp/zipdeploy/extracted&quot;" date="2025-06-13T21:20:53.027" /><!-- duration: 1ms -->
              </step><!-- duration: 26ms -->
              <step title="Executing external process" date="2025-06-13T21:20:53.117" type="process" path="starter.sh" arguments="&quot;/home/site/deployments/tools/deploy.sh&quot;" /><!-- duration: 1013ms -->
              <step title="Triggering recycle (preview mode disabled)." date="2025-06-13T21:20:54.322" /><!-- duration: 2ms -->
              <step title="Modified file to trigger a restart of the app container." date="2025-06-13T21:20:54.367" /><!-- duration: 1ms -->
              <step title="Skip function trigger and logicapp sync because function is not enabled." date="2025-06-13T21:20:54.371" /><!-- duration: 2ms -->
            </step><!-- duration: 2048ms -->
          </step><!-- duration: 2126ms -->
          <step title="Cleaning up temp files" date="2025-06-13T21:20:54.998" /><!-- duration: 9ms -->
          <step title="Cleaning up temp files" date="2025-06-13T21:20:55.025" /><!-- duration: 504ms -->
          <step title="Reloading status file with latest updates" date="2025-06-13T21:20:55.543" >
            <step title="WebHooksManager.PublishEventAsync: PostDeployment" date="2025-06-13T21:20:55.546" /><!-- duration: 76ms -->
          </step><!-- duration: 80ms -->
          <step title="Cleaning up temporary deployment - fetch deployment was successful" date="2025-06-13T21:20:55.630" /><!-- duration: 2ms -->
        </step><!-- duration: 2923ms -->
      </step><!-- duration: 4552ms -->
