<step title="Incoming Request" date="2025-06-13T20:43:21.211" instance="f8476c" url="/api/zipdeploy?isAsync=true&amp;deployer=GITHUB_ZIP_DEPLOY&amp;message=%7B%22type%22%3A%22deployment%22%2C%22sha%22%3A%22ad3529ac22adfdf3e50f10376f6bcc6d2b1fcc9e%22%2C%22repoName%22%3A%22carlosUX%2Flightwebapp%22%2C%22actor%22%3A%22carlosUX%22%2C%22slotName%22%3A%22production%22%2C%22commitMessage%22%3A%22%22%7D" method="POST" type="request" pid="768,1,26" Host="structura.scm.azurewebsites.net" User-Agent="GITHUBACTIONS_DeployWebAppToAzure_30cf177cf4b0c506317075dc52b631e255c5607bf0661f2333e1a6c251ab532e" Authorization="Bas..." Content-Type="application/octet-stream" Cookie="ARRAffinity=f8476c567f932b0e8a8402e2feffce02162d8570a9104cf6e353d29c6817c566;Path=/;HttpOnly;Secure;Domain=structura.scm.azurewebsites.net; ARRAffinitySameSite=f8476c567f932b0e8a8402e2feffce02162d8570a9104cf6e353d29c6817c566;Path=/;HttpOnly;SameSite=None;Secure;Domain=structura.scm.azurewebsites.net" Transfer-Encoding="chunked" X-ARR-LOG-ID="4605a303-1926-436a-914f-c419c8b78ca6" CLIENT-IP="13.93.215.209:1024" X-SITE-DEPLOYMENT-ID="structura" WAS-DEFAULT-HOSTNAME="structura.scm.azurewebsites.net" X-Forwarded-Proto="https" X-AppService-Proto="https" X-Forwarded-TlsVersion="1.3" X-WAWS-Unencoded-URL="/api/zipdeploy?isAsync=true&amp;deployer=GITHUB_ZIP_DEPLOY&amp;message=%7B%22type%22%3A%22deployment%22%2C%22sha%22%3A%22ad3529ac22adfdf3e50f10376f6bcc6d2b1fcc9e%22%2C%22repoName%22%3A%22carlosUX%2Flightwebapp%22%2C%22actor%22%3A%22carlosUX%22%2C%22slotName%22%3A%22production%22%2C%22commitMessage%22%3A%22%22%7D" X-Client-IP="13.93.215.209" X-Client-Port="1024" >
  <step title="ZipPushDeploy" date="2025-06-13T20:43:21.264" >
    <step title="ZipDeploy. Extract zip. Remote build." date="2025-06-13T20:43:21.267" /><!-- duration: 2ms -->
    <step title="None repository commit" date="2025-06-13T20:43:21.273" >
      <step title="Commit id: e8c56da2-cbf5-40c4-8689-0662c78617a0" date="2025-06-13T20:43:21.297" Message="N/A" AuthorName="N/A" AuthorEmail="N/A" /><!-- duration: 3ms -->
    </step><!-- duration: 30ms -->
    <step title="Starting PushDeployAsync" date="2025-06-13T20:43:21.306" /><!-- duration: 3ms -->
    <step title="Writing artifact to /tmp/zipdeploy/9574b41c-17db-48e6-b68e-70daecb139ae.zip" date="2025-06-13T20:43:21.337" >
      <step title="Writing multipart request body to /tmp/zipdeploy/9574b41c-17db-48e6-b68e-70daecb139ae.zip" date="2025-06-13T20:43:21.346" /><!-- duration: 16ms -->
    </step><!-- duration: 32ms -->
    <step title="None repository commit" date="2025-06-13T20:43:21.393" >
      <step title="Commit id: e8c56da2-cbf5-40c4-8689-0662c78617a0" date="2025-06-13T20:43:21.395" Message="N/A" AuthorName="N/A" AuthorEmail="N/A" /><!-- duration: 3ms -->
    </step><!-- duration: 8ms -->
    <step title="Start deployment in the background" date="2025-06-13T20:43:21.407" >
      <step title="None repository commit" date="2025-06-13T20:43:21.439" >
        <step title="Commit id: e8c56da2-cbf5-40c4-8689-0662c78617a0" date="2025-06-13T20:43:21.442" Message="N/A" AuthorName="N/A" AuthorEmail="N/A" /><!-- duration: 3ms -->
      </step><!-- duration: 22ms -->
      <step title="Acquiring Deployment Lock" date="2025-06-13T20:43:21.464" /><!-- duration: 6ms -->
      <step title="Acquired Deployment Lock" date="2025-06-13T20:43:21.500" /><!-- duration: 2ms -->
    </step><!-- duration: 472ms -->
  </step><!-- duration: 617ms -->
  <step title="Outgoing response" date="2025-06-13T20:43:21.883" type="response" statusCode="202" statusText="Accepted" /><!-- duration: 12ms -->
</step><!-- duration: 687ms -->
