<step title="Incoming Request" date="2025-06-13T20:37:10.831" instance="f8476c" url="/api/zipdeploy?isAsync=true&amp;deployer=GITHUB_ZIP_DEPLOY&amp;message=%7B%22type%22%3A%22deployment%22%2C%22sha%22%3A%22ad3529ac22adfdf3e50f10376f6bcc6d2b1fcc9e%22%2C%22repoName%22%3A%22carlosUX%2Flightwebapp%22%2C%22actor%22%3A%22carlosUX%22%2C%22slotName%22%3A%22production%22%2C%22commitMessage%22%3A%22%22%7D" method="POST" type="request" pid="768,1,5" Host="structura.scm.azurewebsites.net" User-Agent="GITHUBACTIONS_DeployWebAppToAzure_30cf177cf4b0c506317075dc52b631e255c5607bf0661f2333e1a6c251ab532e" Authorization="Bas..." Content-Type="application/octet-stream" Cookie="ARRAffinity=f8476c567f932b0e8a8402e2feffce02162d8570a9104cf6e353d29c6817c566;Path=/;HttpOnly;Secure;Domain=structura.scm.azurewebsites.net; ARRAffinitySameSite=f8476c567f932b0e8a8402e2feffce02162d8570a9104cf6e353d29c6817c566;Path=/;HttpOnly;SameSite=None;Secure;Domain=structura.scm.azurewebsites.net" Transfer-Encoding="chunked" X-ARR-LOG-ID="0f35392d-6bbd-4462-9837-e9c7acd43417" CLIENT-IP="20.168.42.128:1984" X-SITE-DEPLOYMENT-ID="structura" WAS-DEFAULT-HOSTNAME="structura.scm.azurewebsites.net" X-Forwarded-Proto="https" X-AppService-Proto="https" X-Forwarded-TlsVersion="1.3" X-WAWS-Unencoded-URL="/api/zipdeploy?isAsync=true&amp;deployer=GITHUB_ZIP_DEPLOY&amp;message=%7B%22type%22%3A%22deployment%22%2C%22sha%22%3A%22ad3529ac22adfdf3e50f10376f6bcc6d2b1fcc9e%22%2C%22repoName%22%3A%22carlosUX%2Flightwebapp%22%2C%22actor%22%3A%22carlosUX%22%2C%22slotName%22%3A%22production%22%2C%22commitMessage%22%3A%22%22%7D" X-Client-IP="20.168.42.128" X-Client-Port="1984" >
  <step title="Cleanup Xml Logs" date="2025-06-13T20:37:10.879" /><!-- duration: 40ms -->
  <step title="ZipPushDeploy" date="2025-06-13T20:37:11.373" >
    <step title="ZipDeploy. Extract zip. Remote build." date="2025-06-13T20:37:11.394" /><!-- duration: 20ms -->
    <step title="None repository commit" date="2025-06-13T20:37:11.482" >
      <step title="Commit id: 1098199d-5f3c-4e2d-b0d2-c9aa9ebd0719" date="2025-06-13T20:37:11.522" Message="N/A" AuthorName="N/A" AuthorEmail="N/A" /><!-- duration: 20ms -->
    </step><!-- duration: 79ms -->
    <step title="Starting PushDeployAsync" date="2025-06-13T20:37:11.571" /><!-- duration: 9ms -->
    <step title="Writing artifact to /tmp/zipdeploy/9c1945eb-253d-421d-a22a-c4f2423e72df.zip" date="2025-06-13T20:37:11.660" >
      <step title="Writing multipart request body to /tmp/zipdeploy/9c1945eb-253d-421d-a22a-c4f2423e72df.zip" date="2025-06-13T20:37:11.708" /><!-- duration: 20ms -->
    </step><!-- duration: 386ms -->
    <step title="None repository commit" date="2025-06-13T20:37:12.156" >
      <step title="Commit id: 1098199d-5f3c-4e2d-b0d2-c9aa9ebd0719" date="2025-06-13T20:37:12.185" Message="N/A" AuthorName="N/A" AuthorEmail="N/A" /><!-- duration: 40ms -->
    </step><!-- duration: 99ms -->
    <step title="Start deployment in the background" date="2025-06-13T20:37:12.276" >
      <step title="None repository commit" date="2025-06-13T20:37:12.438" >
        <step title="Commit id: 1098199d-5f3c-4e2d-b0d2-c9aa9ebd0719" date="2025-06-13T20:37:12.608" Message="N/A" AuthorName="N/A" AuthorEmail="N/A" /><!-- duration: 31ms -->
      </step><!-- duration: 210ms -->
      <step title="Acquiring Deployment Lock" date="2025-06-13T20:37:12.666" /><!-- duration: 11ms -->
      <step title="Cannot Acquire Deployment Lock already held" date="2025-06-13T20:37:12.848" /><!-- duration: 20ms -->
    </step><!-- duration: 944ms -->
    <step title="There is a deployment currently in progress. Please try again when it completes." date="2025-06-13T20:37:13.281" /><!-- duration: 110ms -->
  </step><!-- duration: 2087ms -->
  <step title="Outgoing response" date="2025-06-13T20:37:13.592" type="response" statusCode="409" statusText="Conflict" /><!-- duration: 10ms -->
</step><!-- duration: 2802ms -->
