<step title="Incoming Request" date="2025-06-13T20:03:13.303" instance="f8476c" url="/api/deployments/latest?deployer=GITHUB_ZIP_DEPLOY&amp;time=2025-06-13_20-03-07Z" method="GET" type="request" pid="767,1,23" Host="structura.scm.azurewebsites.net" User-Agent="GITHUBACTIONS_DeployWebAppToAzure_30cf177cf4b0c506317075dc52b631e255c5607bf0661f2333e1a6c251ab532e" Authorization="Bas..." Content-Type="application/json; charset=utf-8" Cookie="ARRAffinity=f8476c567f932b0e8a8402e2feffce02162d8570a9104cf6e353d29c6817c566;Path=/;HttpOnly;Secure;Domain=structura.scm.azurewebsites.net; ARRAffinitySameSite=f8476c567f932b0e8a8402e2feffce02162d8570a9104cf6e353d29c6817c566;Path=/;HttpOnly;SameSite=None;Secure;Domain=structura.scm.azurewebsites.net" Content-Length="0" X-ARR-LOG-ID="6db0291f-6671-4aa8-8182-f19d3debb9b4" CLIENT-IP="20.7.186.169:1025" X-SITE-DEPLOYMENT-ID="structura" WAS-DEFAULT-HOSTNAME="structura.scm.azurewebsites.net" X-Forwarded-Proto="https" X-AppService-Proto="https" X-Forwarded-TlsVersion="1.3" X-WAWS-Unencoded-URL="/api/deployments/latest?deployer=GITHUB_ZIP_DEPLOY&amp;time=2025-06-13_20-03-07Z" X-Client-IP="20.7.186.169" X-Client-Port="1025" >
  <step title="Cleanup Xml Logs" date="2025-06-13T20:03:13.322" /><!-- duration: 9ms -->
  <step title="DeploymentService.GetResult" date="2025-06-13T20:03:13.372" >
    <step title="DeploymentService.GetLatestDeployment" date="2025-06-13T20:03:13.375" >
      <step title="DeploymentManager.GetResults" date="2025-06-13T20:03:13.382" /><!-- duration: 553ms -->
      <step title="Deployment 4f78a747-f19a-405a-9b75-0099268e7d04 is Building" date="2025-06-13T20:03:13.937" /><!-- duration: 2ms -->
    </step><!-- duration: 571ms -->
  </step><!-- duration: 576ms -->
  <step title="Outgoing response" date="2025-06-13T20:03:14.162" type="response" statusCode="202" statusText="Accepted" /><!-- duration: 10ms -->
</step><!-- duration: 872ms -->
