<step title="BackgroundTrace" date="2025-06-13T21:28:29.073" instance="2ddc32" url="/api/zipdeploy" method="POST" >
  <step title="Creating temporary deployment - FetchDeploymentManager" date="2025-06-13T21:28:29.107" /><!-- duration: 1ms -->
  <step title="Creating temporary deployment" date="2025-06-13T21:28:29.113" /><!-- duration: 71ms -->
  <step title="Performing fetch based deployment" date="2025-06-13T21:28:29.214" >
    <step title="Cleaning up temp folders from previous zip deployments and extracting pushed zip file /tmp/zipdeploy/c2216972-9f2d-439a-9afe-b19cdbc5639d.zip (0.03 MB) to /tmp/zipdeploy/extracted" date="2025-06-13T21:28:30.313" >
      <step title="ChmodRecursive Process exited with total time taken in ms: 52" date="2025-06-13T21:28:30.473" /><!-- duration: 18ms -->
    </step><!-- duration: 180ms -->
    <step title="Deployment timer started" date="2025-06-13T21:28:32.512" >
      <step title="DeploymentManager.Deploy(id:5abfc910-307a-4458-952e-3e4e3535b58c)" date="2025-06-13T21:28:32.532" >
        <step title="Collecting changeset information" date="2025-06-13T21:28:32.561" /><!-- duration: 73ms -->
        <step title="Updating submodules" date="2025-06-13T21:28:32.663" /><!-- duration: 1080ms -->
        <step title="Determining deployment builder" date="2025-06-13T21:28:33.900" >
          <step title="Builder is BasicBuilder" date="2025-06-13T21:28:33.912" /><!-- duration: 20ms -->
        </step><!-- duration: 42ms -->
        <step title="PreDeployment: context.CleanOutputPath False" date="2025-06-13T21:28:33.981" >
          <step title="PreDeployment: context.OutputPath /home/site/wwwroot" date="2025-06-13T21:28:34.052" >
            <step title="Building" date="2025-06-13T21:28:34.144" >
              <step title="Generating deployment script" date="2025-06-13T21:28:34.226" >
                <step title="Using cached version of the deployment script for command: -y --no-dot-deployment -r &quot;/tmp/zipdeploy/extracted&quot; -o &quot;/home/site/deployments/tools&quot; --basic --sitePath &quot;/tmp/zipdeploy/extracted&quot;" date="2025-06-13T21:28:34.248" /><!-- duration: 2ms -->
              </step><!-- duration: 42ms -->
              <step title="Executing external process" date="2025-06-13T21:28:34.401" type="process" path="starter.sh" arguments="&quot;/home/site/deployments/tools/deploy.sh&quot;" /><!-- duration: 1394ms -->
              <step title="Triggering recycle (preview mode disabled)." date="2025-06-13T21:28:36.225" /><!-- duration: 2ms -->
              <step title="Modified file to trigger a restart of the app container." date="2025-06-13T21:28:36.278" /><!-- duration: 2ms -->
              <step title="Skip function trigger and logicapp sync because function is not enabled." date="2025-06-13T21:28:36.282" /><!-- duration: 1ms -->
            </step><!-- duration: 2851ms -->
          </step><!-- duration: 2946ms -->
          <step title="Cleaning up temp files" date="2025-06-13T21:28:36.999" /><!-- duration: 2ms -->
          <step title="Cleaning up temp files" date="2025-06-13T21:28:37.004" /><!-- duration: 503ms -->
          <step title="Reloading status file with latest updates" date="2025-06-13T21:28:37.533" >
            <step title="WebHooksManager.PublishEventAsync: PostDeployment" date="2025-06-13T21:28:37.543" /><!-- duration: 13ms -->
          </step><!-- duration: 23ms -->
          <step title="Cleaning up temporary deployment - fetch deployment was successful" date="2025-06-13T21:28:37.563" /><!-- duration: 2ms -->
        </step><!-- duration: 3640ms -->
      </step><!-- duration: 5096ms -->
