<step title="Incoming Request" date="2025-06-13T21:28:28.982" instance="2ddc32" url="/api/zipdeploy?isAsync=true&amp;deployer=GITHUB_ZIP_DEPLOY&amp;message=%7B%22type%22%3A%22deployment%22%2C%22sha%22%3A%228cc8e70bd63eda591a6cb69f98eb092828cbbbe8%22%2C%22repoName%22%3A%22carlosUX%2Flightwebapp%22%2C%22actor%22%3A%22carlosUX%22%2C%22slotName%22%3A%22production%22%2C%22commitMessage%22%3A%22%22%7D" method="POST" type="request" pid="767,1,29" Host="structura.scm.azurewebsites.net" User-Agent="GITHUBACTIONS_DeployWebAppToAzure_30cf177cf4b0c506317075dc52b631e255c5607bf0661f2333e1a6c251ab532e" Authorization="Bas..." Content-Type="application/octet-stream" Cookie="ARRAffinity=2ddc320b3ce56068eef7d30467cf47281e2049dbabf0cdd575a97ac496677136;Path=/;HttpOnly;Secure;Domain=structura.scm.azurewebsites.net; ARRAffinitySameSite=2ddc320b3ce56068eef7d30467cf47281e2049dbabf0cdd575a97ac496677136;Path=/;HttpOnly;SameSite=None;Secure;Domain=structura.scm.azurewebsites.net" Transfer-Encoding="chunked" X-ARR-LOG-ID="4ff197f4-fa68-4dca-bb68-a01dbe41cd99" CLIENT-IP="172.177.217.221:1024" X-SITE-DEPLOYMENT-ID="structura" WAS-DEFAULT-HOSTNAME="structura.scm.azurewebsites.net" X-Forwarded-Proto="https" X-AppService-Proto="https" X-Forwarded-TlsVersion="1.3" X-WAWS-Unencoded-URL="/api/zipdeploy?isAsync=true&amp;deployer=GITHUB_ZIP_DEPLOY&amp;message=%7B%22type%22%3A%22deployment%22%2C%22sha%22%3A%228cc8e70bd63eda591a6cb69f98eb092828cbbbe8%22%2C%22repoName%22%3A%22carlosUX%2Flightwebapp%22%2C%22actor%22%3A%22carlosUX%22%2C%22slotName%22%3A%22production%22%2C%22commitMessage%22%3A%22%22%7D" X-Client-IP="172.177.217.221" X-Client-Port="1024" >
  <step title="ZipPushDeploy" date="2025-06-13T21:28:28.991" >
    <step title="ZipDeploy. Extract zip. Remote build." date="2025-06-13T21:28:28.994" /><!-- duration: 1ms -->
    <step title="None repository commit" date="2025-06-13T21:28:28.998" >
      <step title="Commit id: 5abfc910-307a-4458-952e-3e4e3535b58c" date="2025-06-13T21:28:29.000" Message="N/A" AuthorName="N/A" AuthorEmail="N/A" /><!-- duration: 1ms -->
    </step><!-- duration: 5ms -->
    <step title="Starting PushDeployAsync" date="2025-06-13T21:28:29.004" /><!-- duration: 1ms -->
    <step title="Writing artifact to /tmp/zipdeploy/c2216972-9f2d-439a-9afe-b19cdbc5639d.zip" date="2025-06-13T21:28:29.011" >
      <step title="Writing multipart request body to /tmp/zipdeploy/c2216972-9f2d-439a-9afe-b19cdbc5639d.zip" date="2025-06-13T21:28:29.012" /><!-- duration: 1ms -->
    </step><!-- duration: 33ms -->
    <step title="None repository commit" date="2025-06-13T21:28:29.061" >
      <step title="Commit id: 5abfc910-307a-4458-952e-3e4e3535b58c" date="2025-06-13T21:28:29.063" Message="N/A" AuthorName="N/A" AuthorEmail="N/A" /><!-- duration: 1ms -->
    </step><!-- duration: 5ms -->
    <step title="Start deployment in the background" date="2025-06-13T21:28:29.068" >
      <step title="None repository commit" date="2025-06-13T21:28:29.076" >
        <step title="Commit id: 5abfc910-307a-4458-952e-3e4e3535b58c" date="2025-06-13T21:28:29.082" Message="N/A" AuthorName="N/A" AuthorEmail="N/A" /><!-- duration: 1ms -->
      </step><!-- duration: 9ms -->
      <step title="Acquiring Deployment Lock" date="2025-06-13T21:28:29.087" /><!-- duration: 1ms -->
      <step title="Acquired Deployment Lock" date="2025-06-13T21:28:29.104" /><!-- duration: 1ms -->
    </step><!-- duration: 119ms -->
  </step><!-- duration: 198ms -->
  <step title="Outgoing response" date="2025-06-13T21:28:29.191" type="response" statusCode="202" statusText="Accepted" /><!-- duration: 2ms -->
</step><!-- duration: 212ms -->
