<step title="BackgroundTrace" date="2025-06-13T21:28:39.012" instance="2ddc32" url="/api/zipdeploy" method="POST" >
  <step title="Creating temporary deployment - FetchDeploymentManager" date="2025-06-13T21:28:39.070" /><!-- duration: 1ms -->
  <step title="Creating temporary deployment" date="2025-06-13T21:28:39.074" /><!-- duration: 35ms -->
  <step title="Performing fetch based deployment" date="2025-06-13T21:28:39.148" >
    <step title="Cleaning up temp folders from previous zip deployments and extracting pushed zip file /tmp/zipdeploy/118d58a2-1d9c-49bc-9b26-ca8aaee39018.zip (0.03 MB) to /tmp/zipdeploy/extracted" date="2025-06-13T21:28:40.544" >
      <step title="ChmodRecursive Process exited with total time taken in ms: 71" date="2025-06-13T21:28:40.707" /><!-- duration: 10ms -->
    </step><!-- duration: 182ms -->
    <step title="Deployment timer started" date="2025-06-13T21:28:42.740" >
      <step title="DeploymentManager.Deploy(id:07ab7b97-6353-45f5-9611-cc1ccbf9db1a)" date="2025-06-13T21:28:42.755" >
        <step title="Collecting changeset information" date="2025-06-13T21:28:42.765" /><!-- duration: 85ms -->
        <step title="Updating submodules" date="2025-06-13T21:28:42.859" /><!-- duration: 1095ms -->
        <step title="Determining deployment builder" date="2025-06-13T21:28:44.100" >
          <step title="Builder is BasicBuilder" date="2025-06-13T21:28:44.122" /><!-- duration: 2ms -->
        </step><!-- duration: 32ms -->
        <step title="PreDeployment: context.CleanOutputPath False" date="2025-06-13T21:28:44.161" >
          <step title="PreDeployment: context.OutputPath /home/site/wwwroot" date="2025-06-13T21:28:44.223" >
            <step title="Building" date="2025-06-13T21:28:44.298" >
              <step title="Generating deployment script" date="2025-06-13T21:28:44.413" >
                <step title="Using cached version of the deployment script for command: -y --no-dot-deployment -r &quot;/tmp/zipdeploy/extracted&quot; -o &quot;/home/site/deployments/tools&quot; --basic --sitePath &quot;/tmp/zipdeploy/extracted&quot;" date="2025-06-13T21:28:44.458" /><!-- duration: 2ms -->
              </step><!-- duration: 87ms -->
              <step title="Executing external process" date="2025-06-13T21:28:44.653" type="process" path="starter.sh" arguments="&quot;/home/site/deployments/tools/deploy.sh&quot;" /><!-- duration: 1111ms -->
              <step title="Triggering recycle (preview mode disabled)." date="2025-06-13T21:28:45.919" /><!-- duration: 5ms -->
              <step title="Modified file to trigger a restart of the app container." date="2025-06-13T21:28:45.951" /><!-- duration: 15ms -->
              <step title="Skip function trigger and logicapp sync because function is not enabled." date="2025-06-13T21:28:45.974" /><!-- duration: 2ms -->
            </step><!-- duration: 2623ms -->
          </step><!-- duration: 2701ms -->
          <step title="Cleaning up temp files" date="2025-06-13T21:28:46.925" /><!-- duration: 6ms -->
          <step title="Cleaning up temp files" date="2025-06-13T21:28:46.933" /><!-- duration: 509ms -->
          <step title="Reloading status file with latest updates" date="2025-06-13T21:28:47.457" >
            <step title="WebHooksManager.PublishEventAsync: PostDeployment" date="2025-06-13T21:28:47.463" /><!-- duration: 20ms -->
          </step><!-- duration: 27ms -->
          <step title="Cleaning up temporary deployment - fetch deployment was successful" date="2025-06-13T21:28:47.495" /><!-- duration: 2ms -->
        </step><!-- duration: 3376ms -->
      </step><!-- duration: 4790ms -->
