<step title="Incoming Request" date="2025-06-13T21:20:53.550" instance="2ddc32" url="/api/deployments/latest?deployer=GITHUB_ZIP_DEPLOY&amp;time=2025-06-13_21-20-47Z" method="GET" type="request" pid="767,1,7" Host="structura.scm.azurewebsites.net" User-Agent="GITHUBACTIONS_DeployWebAppToAzure_30cf177cf4b0c506317075dc52b631e255c5607bf0661f2333e1a6c251ab532e" Authorization="Bas..." Content-Type="application/json; charset=utf-8" Cookie="ARRAffinity=2ddc320b3ce56068eef7d30467cf47281e2049dbabf0cdd575a97ac496677136;Path=/;HttpOnly;Secure;Domain=structura.scm.azurewebsites.net; ARRAffinitySameSite=2ddc320b3ce56068eef7d30467cf47281e2049dbabf0cdd575a97ac496677136;Path=/;HttpOnly;SameSite=None;Secure;Domain=structura.scm.azurewebsites.net" Content-Length="0" X-ARR-LOG-ID="005cb6d4-0abf-4811-a46c-70d82444da30" CLIENT-IP="172.191.31.163:4353" X-SITE-DEPLOYMENT-ID="structura" WAS-DEFAULT-HOSTNAME="structura.scm.azurewebsites.net" X-Forwarded-Proto="https" X-AppService-Proto="https" X-Forwarded-TlsVersion="1.3" X-WAWS-Unencoded-URL="/api/deployments/latest?deployer=GITHUB_ZIP_DEPLOY&amp;time=2025-06-13_21-20-47Z" X-Client-IP="172.191.31.163" X-Client-Port="4353" >
  <step title="Cleanup Xml Logs" date="2025-06-13T21:20:53.558" /><!-- duration: 11ms -->
  <step title="DeploymentService.GetResult" date="2025-06-13T21:20:53.590" >
    <step title="DeploymentService.GetLatestDeployment" date="2025-06-13T21:20:53.601" >
      <step title="DeploymentManager.GetResults" date="2025-06-13T21:20:53.621" /><!-- duration: 424ms -->
      <step title="Deployment 1786f402-12a1-4402-a8a5-9fd326d80782 is Building" date="2025-06-13T21:20:54.046" /><!-- duration: 2ms -->
    </step><!-- duration: 474ms -->
  </step><!-- duration: 487ms -->
  <step title="Outgoing response" date="2025-06-13T21:20:54.082" type="response" statusCode="202" statusText="Accepted" /><!-- duration: 21ms -->
</step><!-- duration: 573ms -->
