<step title="Incoming Request" date="2025-06-13T20:37:16.044" instance="f8476c" url="/api/zipdeploy?isAsync=true&amp;deployer=GITHUB_ZIP_DEPLOY&amp;message=%7B%22type%22%3A%22deployment%22%2C%22sha%22%3A%22ad3529ac22adfdf3e50f10376f6bcc6d2b1fcc9e%22%2C%22repoName%22%3A%22carlosUX%2Flightwebapp%22%2C%22actor%22%3A%22carlosUX%22%2C%22slotName%22%3A%22production%22%2C%22commitMessage%22%3A%22%22%7D" method="POST" type="request" pid="768,1,15" Host="structura.scm.azurewebsites.net" User-Agent="GITHUBACTIONS_DeployWebAppToAzure_30cf177cf4b0c506317075dc52b631e255c5607bf0661f2333e1a6c251ab532e" Authorization="Bas..." Content-Type="application/octet-stream" Cookie="ARRAffinity=f8476c567f932b0e8a8402e2feffce02162d8570a9104cf6e353d29c6817c566;Path=/;HttpOnly;Secure;Domain=structura.scm.azurewebsites.net; ARRAffinitySameSite=f8476c567f932b0e8a8402e2feffce02162d8570a9104cf6e353d29c6817c566;Path=/;HttpOnly;SameSite=None;Secure;Domain=structura.scm.azurewebsites.net" Transfer-Encoding="chunked" X-ARR-LOG-ID="67fd446b-57c2-4e2c-a132-8c5d80211063" CLIENT-IP="20.168.42.128:1984" X-SITE-DEPLOYMENT-ID="structura" WAS-DEFAULT-HOSTNAME="structura.scm.azurewebsites.net" X-Forwarded-Proto="https" X-AppService-Proto="https" X-Forwarded-TlsVersion="1.3" X-WAWS-Unencoded-URL="/api/zipdeploy?isAsync=true&amp;deployer=GITHUB_ZIP_DEPLOY&amp;message=%7B%22type%22%3A%22deployment%22%2C%22sha%22%3A%22ad3529ac22adfdf3e50f10376f6bcc6d2b1fcc9e%22%2C%22repoName%22%3A%22carlosUX%2Flightwebapp%22%2C%22actor%22%3A%22carlosUX%22%2C%22slotName%22%3A%22production%22%2C%22commitMessage%22%3A%22%22%7D" X-Client-IP="20.168.42.128" X-Client-Port="1984" >
  <step title="Cleanup Xml Logs" date="2025-06-13T20:37:16.065" /><!-- duration: 49ms -->
  <step title="ZipPushDeploy" date="2025-06-13T20:37:16.174" >
    <step title="ZipDeploy. Extract zip. Remote build." date="2025-06-13T20:37:16.188" /><!-- duration: 37ms -->
    <step title="None repository commit" date="2025-06-13T20:37:16.236" >
      <step title="Commit id: cef109c2-1776-402b-9598-f9a1bfeb5c63" date="2025-06-13T20:37:16.256" Message="N/A" AuthorName="N/A" AuthorEmail="N/A" /><!-- duration: 9ms -->
    </step><!-- duration: 52ms -->
    <step title="Starting PushDeployAsync" date="2025-06-13T20:37:16.305" /><!-- duration: 20ms -->
    <step title="Writing artifact to /tmp/zipdeploy/2fdd9ff3-9c57-45db-a718-65289f9ea87f.zip" date="2025-06-13T20:37:16.348" >
      <step title="Writing multipart request body to /tmp/zipdeploy/2fdd9ff3-9c57-45db-a718-65289f9ea87f.zip" date="2025-06-13T20:37:16.376" /><!-- duration: 20ms -->
    </step><!-- duration: 69ms -->
    <step title="None repository commit" date="2025-06-13T20:37:16.438" >
      <step title="Commit id: cef109c2-1776-402b-9598-f9a1bfeb5c63" date="2025-06-13T20:37:16.448" Message="N/A" AuthorName="N/A" AuthorEmail="N/A" /><!-- duration: 9ms -->
    </step><!-- duration: 29ms -->
    <step title="Start deployment in the background" date="2025-06-13T20:37:16.487" >
      <step title="None repository commit" date="2025-06-13T20:37:16.519" >
        <step title="Commit id: cef109c2-1776-402b-9598-f9a1bfeb5c63" date="2025-06-13T20:37:16.547" Message="N/A" AuthorName="N/A" AuthorEmail="N/A" /><!-- duration: 21ms -->
      </step><!-- duration: 68ms -->
      <step title="Acquiring Deployment Lock" date="2025-06-13T20:37:16.589" /><!-- duration: 9ms -->
      <step title="Cannot Acquire Deployment Lock already held" date="2025-06-13T20:37:16.618" /><!-- duration: 2ms -->
    </step><!-- duration: 251ms -->
    <step title="There is a deployment currently in progress. Please try again when it completes." date="2025-06-13T20:37:16.788" /><!-- duration: 2ms -->
  </step><!-- duration: 683ms -->
  <step title="Outgoing response" date="2025-06-13T20:37:16.860" type="response" statusCode="409" statusText="Conflict" /><!-- duration: 37ms -->
</step><!-- duration: 873ms -->
