<step title="Incoming Request" date="2025-06-13T20:21:57.796" instance="f8476c" url="/api/zipdeploy?isAsync=true&amp;deployer=GITHUB_ZIP_DEPLOY&amp;message=%7B%22type%22%3A%22deployment%22%2C%22sha%22%3A%22ad3529ac22adfdf3e50f10376f6bcc6d2b1fcc9e%22%2C%22repoName%22%3A%22carlosUX%2Flightwebapp%22%2C%22actor%22%3A%22carlosUX%22%2C%22slotName%22%3A%22production%22%2C%22commitMessage%22%3A%22%22%7D" method="POST" type="request" pid="772,1,28" Host="structura.scm.azurewebsites.net" User-Agent="GITHUBACTIONS_DeployWebAppToAzure_30cf177cf4b0c506317075dc52b631e255c5607bf0661f2333e1a6c251ab532e" Authorization="Bas..." Content-Type="application/octet-stream" Cookie="ARRAffinity=f8476c567f932b0e8a8402e2feffce02162d8570a9104cf6e353d29c6817c566;Path=/;HttpOnly;Secure;Domain=structura.scm.azurewebsites.net; ARRAffinitySameSite=f8476c567f932b0e8a8402e2feffce02162d8570a9104cf6e353d29c6817c566;Path=/;HttpOnly;SameSite=None;Secure;Domain=structura.scm.azurewebsites.net" Transfer-Encoding="chunked" X-ARR-LOG-ID="1bfe05dd-b953-4142-a834-d41b23e57d6f" CLIENT-IP="20.241.68.51:1984" X-SITE-DEPLOYMENT-ID="structura" WAS-DEFAULT-HOSTNAME="structura.scm.azurewebsites.net" X-Forwarded-Proto="https" X-AppService-Proto="https" X-Forwarded-TlsVersion="1.3" X-WAWS-Unencoded-URL="/api/zipdeploy?isAsync=true&amp;deployer=GITHUB_ZIP_DEPLOY&amp;message=%7B%22type%22%3A%22deployment%22%2C%22sha%22%3A%22ad3529ac22adfdf3e50f10376f6bcc6d2b1fcc9e%22%2C%22repoName%22%3A%22carlosUX%2Flightwebapp%22%2C%22actor%22%3A%22carlosUX%22%2C%22slotName%22%3A%22production%22%2C%22commitMessage%22%3A%22%22%7D" X-Client-IP="20.241.68.51" X-Client-Port="1984" >
  <step title="ZipPushDeploy" date="2025-06-13T20:21:57.837" >
    <step title="ZipDeploy. Extract zip. Remote build." date="2025-06-13T20:21:57.846" /><!-- duration: 2ms -->
    <step title="None repository commit" date="2025-06-13T20:21:57.851" >
      <step title="Commit id: ce860e51-8f78-4bf8-8a40-1487fb408027" date="2025-06-13T20:21:57.854" Message="N/A" AuthorName="N/A" AuthorEmail="N/A" /><!-- duration: 2ms -->
    </step><!-- duration: 6ms -->
    <step title="Starting PushDeployAsync" date="2025-06-13T20:21:57.860" /><!-- duration: 2ms -->
    <step title="Writing artifact to /tmp/zipdeploy/b39b4cff-a9ca-4e4b-9a24-7e9d4b691d91.zip" date="2025-06-13T20:21:57.876" >
      <step title="Writing multipart request body to /tmp/zipdeploy/b39b4cff-a9ca-4e4b-9a24-7e9d4b691d91.zip" date="2025-06-13T20:21:57.880" /><!-- duration: 2ms -->
    </step><!-- duration: 103ms -->
    <step title="None repository commit" date="2025-06-13T20:21:58.009" >
      <step title="Commit id: ce860e51-8f78-4bf8-8a40-1487fb408027" date="2025-06-13T20:21:58.016" Message="N/A" AuthorName="N/A" AuthorEmail="N/A" /><!-- duration: 4ms -->
    </step><!-- duration: 26ms -->
    <step title="Start deployment in the background" date="2025-06-13T20:21:58.039" >
      <step title="None repository commit" date="2025-06-13T20:21:58.138" >
        <step title="Commit id: ce860e51-8f78-4bf8-8a40-1487fb408027" date="2025-06-13T20:21:58.148" Message="N/A" AuthorName="N/A" AuthorEmail="N/A" /><!-- duration: 30ms -->
      </step><!-- duration: 50ms -->
      <step title="Acquiring Deployment Lock" date="2025-06-13T20:21:58.191" /><!-- duration: 2ms -->
      <step title="Acquired Deployment Lock" date="2025-06-13T20:21:58.228" /><!-- duration: 2ms -->
    </step><!-- duration: 274ms -->
  </step><!-- duration: 482ms -->
  <step title="Outgoing response" date="2025-06-13T20:21:58.329" type="response" statusCode="202" statusText="Accepted" /><!-- duration: 2ms -->
</step><!-- duration: 538ms -->
