<step title="Incoming Request" date="2025-06-13T20:37:23.542" instance="f8476c" url="/api/zipdeploy?isAsync=true&amp;deployer=GITHUB_ZIP_DEPLOY&amp;message=%7B%22type%22%3A%22deployment%22%2C%22sha%22%3A%22ad3529ac22adfdf3e50f10376f6bcc6d2b1fcc9e%22%2C%22repoName%22%3A%22carlosUX%2Flightwebapp%22%2C%22actor%22%3A%22carlosUX%22%2C%22slotName%22%3A%22production%22%2C%22commitMessage%22%3A%22%22%7D" method="POST" type="request" pid="768,1,15" Host="structura.scm.azurewebsites.net" User-Agent="GITHUBACTIONS_DeployWebAppToAzure_30cf177cf4b0c506317075dc52b631e255c5607bf0661f2333e1a6c251ab532e" Authorization="Bas..." Content-Type="application/octet-stream" Cookie="ARRAffinity=f8476c567f932b0e8a8402e2feffce02162d8570a9104cf6e353d29c6817c566;Path=/;HttpOnly;Secure;Domain=structura.scm.azurewebsites.net; ARRAffinitySameSite=f8476c567f932b0e8a8402e2feffce02162d8570a9104cf6e353d29c6817c566;Path=/;HttpOnly;SameSite=None;Secure;Domain=structura.scm.azurewebsites.net" Transfer-Encoding="chunked" X-ARR-LOG-ID="ecb7b12c-aecb-42d2-876b-2abc0291202e" CLIENT-IP="20.168.42.128:1985" X-SITE-DEPLOYMENT-ID="structura" WAS-DEFAULT-HOSTNAME="structura.scm.azurewebsites.net" X-Forwarded-Proto="https" X-AppService-Proto="https" X-Forwarded-TlsVersion="1.3" X-WAWS-Unencoded-URL="/api/zipdeploy?isAsync=true&amp;deployer=GITHUB_ZIP_DEPLOY&amp;message=%7B%22type%22%3A%22deployment%22%2C%22sha%22%3A%22ad3529ac22adfdf3e50f10376f6bcc6d2b1fcc9e%22%2C%22repoName%22%3A%22carlosUX%2Flightwebapp%22%2C%22actor%22%3A%22carlosUX%22%2C%22slotName%22%3A%22production%22%2C%22commitMessage%22%3A%22%22%7D" X-Client-IP="20.168.42.128" X-Client-Port="1985" >
  <step title="Cleanup Xml Logs" date="2025-06-13T20:37:23.561" /><!-- duration: 22ms -->
  <step title="ZipPushDeploy" date="2025-06-13T20:37:23.724" >
    <step title="ZipDeploy. Extract zip. Remote build." date="2025-06-13T20:37:23.754" /><!-- duration: 9ms -->
    <step title="None repository commit" date="2025-06-13T20:37:23.813" >
      <step title="Commit id: 52a7dbf5-d4eb-43bd-8852-31e883c6dcbd" date="2025-06-13T20:37:23.834" Message="N/A" AuthorName="N/A" AuthorEmail="N/A" /><!-- duration: 51ms -->
    </step><!-- duration: 73ms -->
    <step title="Starting PushDeployAsync" date="2025-06-13T20:37:23.905" /><!-- duration: 2ms -->
    <step title="Writing artifact to /tmp/zipdeploy/faa0331e-bd57-42eb-baf1-1e383654e9d0.zip" date="2025-06-13T20:37:23.975" >
      <step title="Writing multipart request body to /tmp/zipdeploy/faa0331e-bd57-42eb-baf1-1e383654e9d0.zip" date="2025-06-13T20:37:23.984" /><!-- duration: 2ms -->
    </step><!-- duration: 92ms -->
    <step title="None repository commit" date="2025-06-13T20:37:24.106" >
      <step title="Commit id: 52a7dbf5-d4eb-43bd-8852-31e883c6dcbd" date="2025-06-13T20:37:24.126" Message="N/A" AuthorName="N/A" AuthorEmail="N/A" /><!-- duration: 10ms -->
    </step><!-- duration: 120ms -->
    <step title="Start deployment in the background" date="2025-06-13T20:37:24.247" >
      <step title="None repository commit" date="2025-06-13T20:37:24.316" >
        <step title="Commit id: 52a7dbf5-d4eb-43bd-8852-31e883c6dcbd" date="2025-06-13T20:37:24.346" Message="N/A" AuthorName="N/A" AuthorEmail="N/A" /><!-- duration: 11ms -->
      </step><!-- duration: 50ms -->
      <step title="Acquiring Deployment Lock" date="2025-06-13T20:37:24.379" /><!-- duration: 10ms -->
      <step title="Acquired Deployment Lock" date="2025-06-13T20:37:24.520" /><!-- duration: 8ms -->
    </step><!-- duration: 433ms -->
  </step><!-- duration: 965ms -->
  <step title="Outgoing response" date="2025-06-13T20:37:24.710" type="response" statusCode="202" statusText="Accepted" /><!-- duration: 9ms -->
</step><!-- duration: 1178ms -->
