<step title="Incoming Request" date="2025-06-13T21:20:47.180" instance="2ddc32" url="/api/zipdeploy?isAsync=true&amp;deployer=GITHUB_ZIP_DEPLOY&amp;message=%7B%22type%22%3A%22deployment%22%2C%22sha%22%3A%228cc8e70bd63eda591a6cb69f98eb092828cbbbe8%22%2C%22repoName%22%3A%22carlosUX%2Flightwebapp%22%2C%22actor%22%3A%22carlosUX%22%2C%22slotName%22%3A%22production%22%2C%22commitMessage%22%3A%22Fix%20deployment%20structure%22%7D" method="POST" type="request" pid="767,1,5" Host="structura.scm.azurewebsites.net" User-Agent="GITHUBACTIONS_DeployWebAppToAzure_30cf177cf4b0c506317075dc52b631e255c5607bf0661f2333e1a6c251ab532e" Authorization="Bas..." Content-Type="application/octet-stream" Cookie="ARRAffinity=2ddc320b3ce56068eef7d30467cf47281e2049dbabf0cdd575a97ac496677136;Path=/;HttpOnly;Secure;Domain=structura.scm.azurewebsites.net; ARRAffinitySameSite=2ddc320b3ce56068eef7d30467cf47281e2049dbabf0cdd575a97ac496677136;Path=/;HttpOnly;SameSite=None;Secure;Domain=structura.scm.azurewebsites.net" Transfer-Encoding="chunked" X-ARR-LOG-ID="9f437e92-f7ae-4df7-b886-3337691e54e9" CLIENT-IP="172.191.31.163:4352" X-SITE-DEPLOYMENT-ID="structura" WAS-DEFAULT-HOSTNAME="structura.scm.azurewebsites.net" X-Forwarded-Proto="https" X-AppService-Proto="https" X-Forwarded-TlsVersion="1.3" X-WAWS-Unencoded-URL="/api/zipdeploy?isAsync=true&amp;deployer=GITHUB_ZIP_DEPLOY&amp;message=%7B%22type%22%3A%22deployment%22%2C%22sha%22%3A%228cc8e70bd63eda591a6cb69f98eb092828cbbbe8%22%2C%22repoName%22%3A%22carlosUX%2Flightwebapp%22%2C%22actor%22%3A%22carlosUX%22%2C%22slotName%22%3A%22production%22%2C%22commitMessage%22%3A%22Fix%20deployment%20structure%22%7D" X-Client-IP="172.191.31.163" X-Client-Port="4352" >
  <step title="ZipPushDeploy" date="2025-06-13T21:20:47.333" >
    <step title="ZipDeploy. Extract zip. Remote build." date="2025-06-13T21:20:47.336" /><!-- duration: 6ms -->
    <step title="None repository commit" date="2025-06-13T21:20:47.345" >
      <step title="Commit id: 1786f402-12a1-4402-a8a5-9fd326d80782" date="2025-06-13T21:20:47.346" Message="N/A" AuthorName="N/A" AuthorEmail="N/A" /><!-- duration: 1ms -->
    </step><!-- duration: 7ms -->
    <step title="Starting PushDeployAsync" date="2025-06-13T21:20:47.353" /><!-- duration: 1ms -->
    <step title="Writing artifact to /tmp/zipdeploy/c8ee112a-3ae0-4768-ac4b-bd9fd0be0981.zip" date="2025-06-13T21:20:47.362" >
      <step title="Writing multipart request body to /tmp/zipdeploy/c8ee112a-3ae0-4768-ac4b-bd9fd0be0981.zip" date="2025-06-13T21:20:47.364" /><!-- duration: 1ms -->
    </step><!-- duration: 61ms -->
    <step title="None repository commit" date="2025-06-13T21:20:47.452" >
      <step title="Commit id: 1786f402-12a1-4402-a8a5-9fd326d80782" date="2025-06-13T21:20:47.454" Message="N/A" AuthorName="N/A" AuthorEmail="N/A" /><!-- duration: 8ms -->
    </step><!-- duration: 12ms -->
    <step title="Start deployment in the background" date="2025-06-13T21:20:47.466" >
      <step title="None repository commit" date="2025-06-13T21:20:47.474" >
        <step title="Commit id: 1786f402-12a1-4402-a8a5-9fd326d80782" date="2025-06-13T21:20:47.483" Message="N/A" AuthorName="N/A" AuthorEmail="N/A" /><!-- duration: 1ms -->
      </step><!-- duration: 19ms -->
      <step title="Acquiring Deployment Lock" date="2025-06-13T21:20:47.495" /><!-- duration: 1ms -->
      <step title="Acquired Deployment Lock" date="2025-06-13T21:20:47.523" /><!-- duration: 2ms -->
    </step><!-- duration: 128ms -->
  </step><!-- duration: 284ms -->
  <step title="Outgoing response" date="2025-06-13T21:20:47.665" type="response" statusCode="202" statusText="Accepted" /><!-- duration: 8ms -->
</step><!-- duration: 496ms -->
