<step title="Incoming Request" date="2025-06-13T20:43:07.956" instance="f8476c" url="/api/zipdeploy?isAsync=true&amp;deployer=GITHUB_ZIP_DEPLOY&amp;message=%7B%22type%22%3A%22deployment%22%2C%22sha%22%3A%22ad3529ac22adfdf3e50f10376f6bcc6d2b1fcc9e%22%2C%22repoName%22%3A%22carlosUX%2Flightwebapp%22%2C%22actor%22%3A%22carlosUX%22%2C%22slotName%22%3A%22production%22%2C%22commitMessage%22%3A%22%22%7D" method="POST" type="request" pid="768,1,23" Host="structura.scm.azurewebsites.net" User-Agent="GITHUBACTIONS_DeployWebAppToAzure_30cf177cf4b0c506317075dc52b631e255c5607bf0661f2333e1a6c251ab532e" Authorization="Bas..." Content-Type="application/octet-stream" Cookie="ARRAffinity=f8476c567f932b0e8a8402e2feffce02162d8570a9104cf6e353d29c6817c566;Path=/;HttpOnly;Secure;Domain=structura.scm.azurewebsites.net; ARRAffinitySameSite=f8476c567f932b0e8a8402e2feffce02162d8570a9104cf6e353d29c6817c566;Path=/;HttpOnly;SameSite=None;Secure;Domain=structura.scm.azurewebsites.net" Transfer-Encoding="chunked" X-ARR-LOG-ID="15e410ee-a7fe-4771-ad6b-589d60508342" CLIENT-IP="172.177.150.180:1984" X-SITE-DEPLOYMENT-ID="structura" WAS-DEFAULT-HOSTNAME="structura.scm.azurewebsites.net" X-Forwarded-Proto="https" X-AppService-Proto="https" X-Forwarded-TlsVersion="1.3" X-WAWS-Unencoded-URL="/api/zipdeploy?isAsync=true&amp;deployer=GITHUB_ZIP_DEPLOY&amp;message=%7B%22type%22%3A%22deployment%22%2C%22sha%22%3A%22ad3529ac22adfdf3e50f10376f6bcc6d2b1fcc9e%22%2C%22repoName%22%3A%22carlosUX%2Flightwebapp%22%2C%22actor%22%3A%22carlosUX%22%2C%22slotName%22%3A%22production%22%2C%22commitMessage%22%3A%22%22%7D" X-Client-IP="172.177.150.180" X-Client-Port="1984" >
  <step title="ZipPushDeploy" date="2025-06-13T20:43:08.027" >
    <step title="ZipDeploy. Extract zip. Remote build." date="2025-06-13T20:43:08.036" /><!-- duration: 9ms -->
    <step title="None repository commit" date="2025-06-13T20:43:08.055" >
      <step title="Commit id: f92f22a6-7fd5-417b-bb35-e32f964bee8f" date="2025-06-13T20:43:08.065" Message="N/A" AuthorName="N/A" AuthorEmail="N/A" /><!-- duration: 9ms -->
    </step><!-- duration: 27ms -->
    <step title="Starting PushDeployAsync" date="2025-06-13T20:43:08.093" /><!-- duration: 2ms -->
    <step title="Writing artifact to /tmp/zipdeploy/79133bcd-7073-4870-b18b-ad6b721f0651.zip" date="2025-06-13T20:43:08.115" >
      <step title="Writing multipart request body to /tmp/zipdeploy/79133bcd-7073-4870-b18b-ad6b721f0651.zip" date="2025-06-13T20:43:08.132" /><!-- duration: 2ms -->
    </step><!-- duration: 30ms -->
    <step title="None repository commit" date="2025-06-13T20:43:08.156" >
      <step title="Commit id: f92f22a6-7fd5-417b-bb35-e32f964bee8f" date="2025-06-13T20:43:08.175" Message="N/A" AuthorName="N/A" AuthorEmail="N/A" /><!-- duration: 10ms -->
    </step><!-- duration: 32ms -->
    <step title="Start deployment in the background" date="2025-06-13T20:43:08.194" >
      <step title="None repository commit" date="2025-06-13T20:43:08.216" >
        <step title="Commit id: f92f22a6-7fd5-417b-bb35-e32f964bee8f" date="2025-06-13T20:43:08.224" Message="N/A" AuthorName="N/A" AuthorEmail="N/A" /><!-- duration: 3ms -->
      </step><!-- duration: 18ms -->
      <step title="Acquiring Deployment Lock" date="2025-06-13T20:43:08.275" /><!-- duration: 9ms -->
      <step title="Acquired Deployment Lock" date="2025-06-13T20:43:08.316" /><!-- duration: 18ms -->
    </step><!-- duration: 237ms -->
  </step><!-- duration: 410ms -->
  <step title="Outgoing response" date="2025-06-13T20:43:08.454" type="response" statusCode="202" statusText="Accepted" /><!-- duration: 3ms -->
</step><!-- duration: 502ms -->
