<step title="BackgroundTrace" date="2025-06-13T20:36:59.775" instance="f8476c" url="/api/zipdeploy" method="POST" >
  <step title="Creating temporary deployment - FetchDeploymentManager" date="2025-06-13T20:36:59.975" /><!-- duration: 2ms -->
  <step title="Creating temporary deployment" date="2025-06-13T20:36:59.995" /><!-- duration: 145ms -->
  <step title="Performing fetch based deployment" date="2025-06-13T20:37:00.338" >
    <step title="Cleaning up temp folders from previous zip deployments and extracting pushed zip file /tmp/zipdeploy/45977aee-dea1-4b0e-818f-5c1837093169.zip (0.03 MB) to /tmp/zipdeploy/extracted" date="2025-06-13T20:37:01.788" >
      <step title="ChmodRecursive Process exited with total time taken in ms: 194" date="2025-06-13T20:37:02.140" /><!-- duration: 9ms -->
    </step><!-- duration: 382ms -->
    <step title="Deployment timer started" date="2025-06-13T20:37:04.240" >
      <step title="DeploymentManager.Deploy(id:aa576869-2b63-4760-9a6b-6139062accee)" date="2025-06-13T20:37:04.261" >
        <step title="Collecting changeset information" date="2025-06-13T20:37:04.289" /><!-- duration: 92ms -->
        <step title="Updating submodules" date="2025-06-13T20:37:04.384" /><!-- duration: 1082ms -->
        <step title="Determining deployment builder" date="2025-06-13T20:37:05.623" >
          <step title="Builder is BasicBuilder" date="2025-06-13T20:37:05.639" /><!-- duration: 9ms -->
        </step><!-- duration: 29ms -->
        <step title="PreDeployment: context.CleanOutputPath False" date="2025-06-13T20:37:05.690" >
          <step title="PreDeployment: context.OutputPath /home/site/wwwroot" date="2025-06-13T20:37:05.770" >
            <step title="Building" date="2025-06-13T20:37:05.891" >
              <step title="Executing external process" date="2025-06-13T20:37:06.144" type="process" path="starter.sh" arguments="/opt/Kudu/Scripts/parallel_rsync.sh /tmp/zipdeploy/extracted /home/site/wwwroot 8 /tmp/ False True  " /><!-- duration: 9911ms -->
              <step title="Triggering recycle (preview mode disabled)." date="2025-06-13T20:37:16.967" /><!-- duration: 2ms -->
              <step title="Modified file to trigger a restart of the app container." date="2025-06-13T20:37:17.037" /><!-- duration: 2ms -->
              <step title="Skip function trigger and logicapp sync because function is not enabled." date="2025-06-13T20:37:17.078" /><!-- duration: 22ms -->
            </step><!-- duration: 12171ms -->
          </step><!-- duration: 12303ms -->
          <step title="Cleaning up temp files" date="2025-06-13T20:37:18.083" /><!-- duration: 11ms -->
          <step title="Cleaning up temp files" date="2025-06-13T20:37:18.114" /><!-- duration: 553ms -->
          <step title="Reloading status file with latest updates" date="2025-06-13T20:37:18.768" >
            <step title="WebHooksManager.PublishEventAsync: PostDeployment" date="2025-06-13T20:37:18.808" /><!-- duration: 311ms -->
          </step><!-- duration: 401ms -->
          <step title="Cleaning up temporary deployment - fetch deployment was successful" date="2025-06-13T20:37:19.218" /><!-- duration: 10ms -->
        </step><!-- duration: 13611ms -->
      </step><!-- duration: 15099ms -->
