<step title="Incoming Request" date="2025-06-13T17:11:47.540" instance="f8476c" url="/deploy?scmType=ExternalGit&amp;isAsync=true" method="POST" type="request" pid="770,1,5" Host="structura.scm.azurewebsites.net" User-Agent="Azure-WebSites-Controller/104.0.7.136" Authorization="Bas..." Expect="100-continue" Content-Length="96" x-ms-request-id="7899b63d-c2f6-4377-93c2-a9cc878c8ca8" X-ARR-LOG-ID="7899b63d-c2f6-4377-93c2-a9cc878c8ca8" CLIENT-IP="20.49.97.15:15617" X-SITE-DEPLOYMENT-ID="structura" WAS-DEFAULT-HOSTNAME="structura.scm.azurewebsites.net" X-MS-PLATFORM-INTERNAL="True" X-Forwarded-Proto="https" X-AppService-Proto="https" X-Forwarded-TlsVersion="1.3" X-WAWS-Unencoded-URL="/deploy?scmType=ExternalGit&amp;isAsync=true" X-Client-IP="20.49.97.15" X-Client-Port="15617" >
  <step title="FetchHandler" date="2025-06-13T17:11:47.637" >
    <step title="GitExeRepository.Initialize" date="2025-06-13T17:11:47.929" >
      <step title="Executing external process" date="2025-06-13T17:11:47.940" type="process" path="git" arguments="init" /><!-- duration: 937ms -->
      <step title="Executing external process" date="2025-06-13T17:11:48.887" type="process" path="git" arguments="config core.autocrlf false" /><!-- duration: 50ms -->
      <step title="Executing external process" date="2025-06-13T17:11:48.940" type="process" path="git" arguments="config core.preloadindex true" /><!-- duration: 51ms -->
      <step title="Executing external process" date="2025-06-13T17:11:48.997" type="process" path="git" arguments="config user.name &quot;unknown&quot;" /><!-- duration: 25ms -->
      <step title="Executing external process" date="2025-06-13T17:11:49.028" type="process" path="git" arguments="config user.email &quot;unknown&quot;" /><!-- duration: 15ms -->
      <step title="Executing external process" date="2025-06-13T17:11:49.046" type="process" path="git" arguments="config filter.lfs.clean &quot;git-lfs clean %f&quot;" /><!-- duration: 15ms -->
      <step title="Executing external process" date="2025-06-13T17:11:49.063" type="process" path="git" arguments="config filter.lfs.smudge &quot;git-lfs smudge %f&quot;" /><!-- duration: 379ms -->
      <step title="Executing external process" date="2025-06-13T17:11:49.500" type="process" path="git" arguments="config filter.lfs.required true" /><!-- duration: 62ms -->
      <step title="Configure git server" date="2025-06-13T17:11:49.642" >
        <step title="Executing external process" date="2025-06-13T17:11:49.651" type="process" path="git" arguments="config receive.denyCurrentBranch ignore" /><!-- duration: 71ms -->
      </step><!-- duration: 100ms -->
      <step title="Create deny users for .git folder" date="2025-06-13T17:11:49.750" /><!-- duration: 41ms -->
      <step title="Configure git-credential" date="2025-06-13T17:11:49.812" >
        <step title="Executing external process" date="2025-06-13T17:11:49.863" type="process" path="git" arguments="config credential.helper &quot;!&apos;/home/site/repository/.git/hooks/git-credential-invalid.sh&apos;&quot;" /><!-- duration: 39ms -->
      </step><!-- duration: 110ms -->
      <step title="Setup post receive hook" date="2025-06-13T17:11:49.924" >
        <step title="Non-Windows enviroment, granting 755 permission to post-receive hook file" date="2025-06-13T17:11:49.982" /><!-- duration: 70ms -->
      </step><!-- duration: 139ms -->
    </step><!-- duration: 2137ms -->
    <step title="Executing external process" date="2025-06-13T17:11:50.076" type="process" path="git" arguments="log -n 1 main --" >
      <step title="Process dump" date="2025-06-13T17:11:50.176" exitCode="128" type="processOutput" /><!-- duration: 2ms -->
    </step><!-- duration: 111ms -->
    <step title="Start deployment in the background" date="2025-06-13T17:11:50.199" >
      <step title="Executing external process" date="2025-06-13T17:11:50.325" type="process" path="git" arguments="rev-parse --git-dir" /><!-- duration: 117ms -->
      <step title="Executing external process" date="2025-06-13T17:11:50.453" type="process" path="git" arguments="rev-parse --git-dir" /><!-- duration: 31ms -->
      <step title="Executing external process" date="2025-06-13T17:11:50.493" type="process" path="git" arguments="log -n 1 main --" >
        <step title="Process dump" date="2025-06-13T17:11:50.562" exitCode="128" type="processOutput" /><!-- duration: 19ms -->
      </step><!-- duration: 98ms -->
      <step title="Acquiring Deployment Lock" date="2025-06-13T17:11:50.654" /><!-- duration: 19ms -->
      <step title="Acquired Deployment Lock" date="2025-06-13T17:11:50.754" /><!-- duration: 18ms -->
    </step><!-- duration: 973ms -->
  </step><!-- duration: 3545ms -->
  <step title="Outgoing response" date="2025-06-13T17:11:51.198" type="response" statusCode="202" statusText="Accepted" /><!-- duration: 2ms -->
</step><!-- duration: 3662ms -->
