﻿<?xml version="1.0" encoding="utf-8"?>
<deployment>
  <id>e8c56da2-cbf5-40c4-8689-0662c78617a0</id>
  <author>N/A</author>
  <deployer>GITHUB_ZIP_DEPLOY</deployer>
  <authorEmail>N/A</authorEmail>
  <message>N/A</message>
  <progress></progress>
  <status>Success</status>
  <statusText></statusText>
  <lastSuccessEndTime>2025-06-13T20:43:32.7306459Z</lastSuccessEndTime>
  <receivedTime>2025-06-13T20:43:25.502476Z</receivedTime>
  <startTime>2025-06-13T20:43:27.0845682Z</startTime>
  <endTime>2025-06-13T20:43:32.7306459Z</endTime>
  <complete>True</complete>
  <is_temp>False</is_temp>
  <is_readonly>True</is_readonly>
  <buildSummary />
</deployment>