﻿<?xml version="1.0" encoding="utf-8"?>
<deployment>
  <id>52a7dbf5-d4eb-43bd-8852-31e883c6dcbd</id>
  <author>N/A</author>
  <deployer>GITHUB_ZIP_DEPLOY</deployer>
  <authorEmail>N/A</authorEmail>
  <message>N/A</message>
  <progress></progress>
  <status>Success</status>
  <statusText></statusText>
  <lastSuccessEndTime>2025-06-13T20:37:35.6224137Z</lastSuccessEndTime>
  <receivedTime>2025-06-13T20:37:28.7604425Z</receivedTime>
  <startTime>2025-06-13T20:37:30.1282108Z</startTime>
  <endTime>2025-06-13T20:37:35.6224137Z</endTime>
  <complete>True</complete>
  <is_temp>False</is_temp>
  <is_readonly>True</is_readonly>
  <buildSummary />
</deployment>