﻿<?xml version="1.0" encoding="utf-8"?>
<deployment>
  <id>f92f22a6-7fd5-417b-bb35-e32f964bee8f</id>
  <author>N/A</author>
  <deployer>GITHUB_ZIP_DEPLOY</deployer>
  <authorEmail>N/A</authorEmail>
  <message>N/A</message>
  <progress></progress>
  <status>Success</status>
  <statusText></statusText>
  <lastSuccessEndTime>2025-06-13T20:43:19.0522491Z</lastSuccessEndTime>
  <receivedTime>2025-06-13T20:43:11.9221133Z</receivedTime>
  <startTime>2025-06-13T20:43:13.2375054Z</startTime>
  <endTime>2025-06-13T20:43:19.0522491Z</endTime>
  <complete>True</complete>
  <is_temp>False</is_temp>
  <is_readonly>True</is_readonly>
  <buildSummary />
</deployment>