﻿<?xml version="1.0" encoding="utf-8"?>
<deployment>
  <id>aa576869-2b63-4760-9a6b-6139062accee</id>
  <author>N/A</author>
  <deployer>GITHUB_ZIP_DEPLOY</deployer>
  <authorEmail>N/A</authorEmail>
  <message>N/A</message>
  <progress></progress>
  <status>Success</status>
  <statusText></statusText>
  <lastSuccessEndTime>2025-06-13T20:37:17.5601824Z</lastSuccessEndTime>
  <receivedTime>2025-06-13T20:37:04.3411352Z</receivedTime>
  <startTime>2025-06-13T20:37:05.584785Z</startTime>
  <endTime>2025-06-13T20:37:17.5601824Z</endTime>
  <complete>True</complete>
  <is_temp>False</is_temp>
  <is_readonly>True</is_readonly>
  <buildSummary />
</deployment>