﻿<?xml version="1.0" encoding="utf-8"?>
<deployment>
  <id>5abfc910-307a-4458-952e-3e4e3535b58c</id>
  <author>N/A</author>
  <deployer>GITHUB_ZIP_DEPLOY</deployer>
  <authorEmail>N/A</authorEmail>
  <message>N/A</message>
  <progress></progress>
  <status>Success</status>
  <statusText></statusText>
  <lastSuccessEndTime>2025-06-13T21:28:36.6429552Z</lastSuccessEndTime>
  <receivedTime>2025-06-13T21:28:32.5940261Z</receivedTime>
  <startTime>2025-06-13T21:28:33.8677844Z</startTime>
  <endTime>2025-06-13T21:28:36.6429552Z</endTime>
  <complete>True</complete>
  <is_temp>False</is_temp>
  <is_readonly>True</is_readonly>
  <buildSummary />
</deployment>