﻿<?xml version="1.0" encoding="utf-8"?>
<deployment>
  <id>4f78a747-f19a-405a-9b75-0099268e7d04</id>
  <author>N/A</author>
  <deployer>GITHUB_ZIP_DEPLOY</deployer>
  <authorEmail>N/A</authorEmail>
  <message>N/A</message>
  <progress></progress>
  <status>Success</status>
  <statusText></statusText>
  <lastSuccessEndTime>2025-06-13T20:03:15.238403Z</lastSuccessEndTime>
  <receivedTime>2025-06-13T20:03:10.8603405Z</receivedTime>
  <startTime>2025-06-13T20:03:12.1674151Z</startTime>
  <endTime>2025-06-13T20:03:15.238403Z</endTime>
  <complete>True</complete>
  <is_temp>False</is_temp>
  <is_readonly>True</is_readonly>
  <buildSummary />
</deployment>