﻿<?xml version="1.0" encoding="utf-8"?>
<deployment>
  <id>07ab7b97-6353-45f5-9611-cc1ccbf9db1a</id>
  <author>N/A</author>
  <deployer>GITHUB_ZIP_DEPLOY</deployer>
  <authorEmail>N/A</authorEmail>
  <message>N/A</message>
  <progress></progress>
  <status>Success</status>
  <statusText></statusText>
  <lastSuccessEndTime>2025-06-13T21:28:46.3159204Z</lastSuccessEndTime>
  <receivedTime>2025-06-13T21:28:42.7859885Z</receivedTime>
  <startTime>2025-06-13T21:28:44.0612234Z</startTime>
  <endTime>2025-06-13T21:28:46.3159204Z</endTime>
  <complete>True</complete>
  <is_temp>False</is_temp>
  <is_readonly>True</is_readonly>
  <buildSummary />
</deployment>