﻿<?xml version="1.0" encoding="utf-8"?>
<deployment>
  <id>1786f402-12a1-4402-a8a5-9fd326d80782</id>
  <author>N/A</author>
  <deployer>GITHUB_ZIP_DEPLOY</deployer>
  <authorEmail>N/A</authorEmail>
  <message>N/A</message>
  <progress></progress>
  <status>Success</status>
  <statusText></statusText>
  <lastSuccessEndTime>2025-06-13T21:20:54.675034Z</lastSuccessEndTime>
  <receivedTime>2025-06-13T21:20:51.1493814Z</receivedTime>
  <startTime>2025-06-13T21:20:52.5682196Z</startTime>
  <endTime>2025-06-13T21:20:54.675034Z</endTime>
  <complete>True</complete>
  <is_temp>False</is_temp>
  <is_readonly>True</is_readonly>
  <buildSummary />
</deployment>