﻿<?xml version="1.0" encoding="utf-8"?>
<deployment>
  <id>ce860e51-8f78-4bf8-8a40-1487fb408027</id>
  <author>N/A</author>
  <deployer>GITHUB_ZIP_DEPLOY</deployer>
  <authorEmail>N/A</authorEmail>
  <message>N/A</message>
  <progress></progress>
  <status>Success</status>
  <statusText></statusText>
  <lastSuccessEndTime>2025-06-13T20:22:11.30001Z</lastSuccessEndTime>
  <receivedTime>2025-06-13T20:22:02.1595074Z</receivedTime>
  <startTime>2025-06-13T20:22:03.7760482Z</startTime>
  <endTime>2025-06-13T20:22:11.30001Z</endTime>
  <complete>True</complete>
  <is_temp>False</is_temp>
  <is_readonly>True</is_readonly>
  <buildSummary />
</deployment>